<beans xmlns="http://www.springframework.org/schema/beans"
xmlns:xsi="http://www.w3.org/2001/XMLSchema-instance"
xmlns:int="http://www.springframework.org/schema/integration"
xmlns:batch="http://www.springframework.org/schema/batch"
xmlns:batch-int="http://www.springframework.org/schema/batch-integration"
xmlns:int-file="http://www.springframework.org/schema/integration/file"
xsi:schemaLocation="
http://www.springframework.org/schema/batch-integration
http://www.springframework.org/schema/batch-integration/spring-batch-integration.xsd
http://www.springframework.org/schema/batch
http://www.springframework.org/schema/batch/spring-batch.xsd
http://www.springframework.org/schema/beans
http://www.springframework.org/schema/beans/spring-beans.xsd
http://www.springframework.org/schema/integration/file
http://www.springframework.org/schema/integration/file/spring-integration-file.xsd
http://www.springframework.org/schema/integration
http://www.springframework.org/schema/integration/spring-integration.xsd">

    <bean id="omniResult" class="org.tiaa.cmf.OmniResult" scope="prototype" />
    
	<batch:job id="omniBatchJob">
		<batch:step id="csvToTableStep" next="deleteFile">
			<batch:tasklet>
				<batch:chunk reader="csvFileItemReader" writer="oracleItemWriter" commit-interval="10">
				</batch:chunk>
			</batch:tasklet>
		</batch:step>
		<batch:step id="deleteFile">
			<tasklet ref="fileDeletingTasklet" />
		</batch:step>
	</batch:job>

<batch-int:job-launching-gateway request-channel="outboundJobRequestChannel" reply-channel="jobLaunchReplyChannel" job-launcher="jobLauncher"/>

	<bean id="csvFileItemReader" class="org.springframework.batch.item.file.FlatFileItemReader" scope="step">

		<!-- Read a csv file -->
		<!--  
		<property name="resource" value="classpath:csv/omnipost.csv" />
		-->
		<property name="resource" value="file:#{jobParameters['input.file.name']}"/>

		<property name="lineMapper">
			<bean class="org.springframework.batch.item.file.mapping.DefaultLineMapper">

				<!-- split it -->
				<property name="lineTokenizer">
					<bean
						class="org.springframework.batch.item.file.transform.DelimitedLineTokenizer">
						<property name="names" value="batchId, orchId, omniResult, omniMessage" />
					</bean>
				</property>

				<property name="fieldSetMapper">
				    <!-- return back to reader, rather than a mapped object. -->
				    <!--
				    	<bean class="org.springframework.batch.item.file.mapping.PassThroughFieldSetMapper" />
				    -->
					<!-- map to an object -->
					<bean
						class="org.springframework.batch.item.file.mapping.BeanWrapperFieldSetMapper">
						<property name="prototypeBeanName" value="omniResult" />
					</bean>
					
				</property>

			</bean>
		</property>

	</bean>

	<bean id="oracleItemWriter"
		class="org.springframework.batch.item.database.JdbcBatchItemWriter">
		<property name="dataSource" ref="dataSource" />
		<property name="sql">
			<value>
            <![CDATA[        
            	insert into OMNI_BATCH_MSG(BATCH_ID,ORCH_ID,OMNI_RESULT,OMNI_MESSAGE) values (:batchId, :orchId, :omniResult, :omniMessage)
            ]]>
			</value>
		</property>
		<!-- It will take care matching between object property and sql name parameter -->
		<property name="itemSqlParameterSourceProvider">
			<bean
				class="org.springframework.batch.item.database.BeanPropertyItemSqlParameterSourceProvider" />
		</property>
	</bean>
	
	<bean id="fileDeletingTasklet" class="org.tiaa.cmf.FileDeletingTasklet" scope="step" >
		<property name="fileName" value="file:#{jobParameters['input.file.name']}" />
  	</bean>	

</beans>
