[{
  "service" : "icm-client-rs-v1",
  "pingDateTime" : "04/19/2016 1:33:00 PM",
  "hostName"  : "chadvt3esfncm2.ops.tiaa-cref.org",
  "ipaddress"   : "10.65.62.34",
  "healthCheck" : "SUCCESS"

},

{
  "service" : "icm-client-rs-v1",
  "pingDateTime" : "04/19/2016 1:33:00 PM",
  "hostName"  : "chadvt3esfncm2.ops.tiaa-cref.org",
  "ipaddress"   : "10.65.62.34",
  "healthCheck" : "FAILURE",
   "components" : {
       "vcase" : "logon denid",
       "ce"   : "UNATHORIZED ACCESS",
       "pe" : "SUCCESS"
   }
}]


