<?xml version="1.0" encoding="UTF-8"?>
<!DOCTYPE mapper PUBLIC "-//mybatis.org//DTD Mapper 3.0//EN" "http://mybatis.org/dtd/mybatis-3-mapper.dtd">
<mapper namespace="org.tiaa.icm.client.infocaddy.mapper.ANigoMapper">
	<resultMap id="aNigo" type="aNigo">
		<id property="nigoSqn" column="NIGO_SQN" />
		<result property="id" column="GROUP_ID" jdbcType="VARCHAR" />
		<result property="nigoedBy" column="NIGOED_BY" jdbcType="VARCHAR" />
		<result property="nigoedTimeStamp" column="NIGOED_TS" jdbcType="TIMESTAMP" />
		<result property="reasons" column="NIGOED_REASONS" jdbcType="VARCHAR" />
		<result property="updatedTS" column="UPDATED_TS" jdbcType="TIMESTAMP" />
	</resultMap>
	<resultMap id="aNigoWithReaons" type="aNigo">
		<id property="nigoSqn" column="NIGO_SQN" />
		<result property="id" column="GROUP_ID" jdbcType="VARCHAR" />
		<result property="nigoedBy" column="NIGOED_BY" jdbcType="VARCHAR" />
		<result property="nigoedTimeStamp" column="NIGOED_TS" jdbcType="TIMESTAMP" />
		<result property="reasons" column="NIGOED_REASONS" jdbcType="VARCHAR" />
		<result property="updatedTS" column="UPDATED_TS" jdbcType="TIMESTAMP" />
		<result property="nigoReasons" column="REASON_TXT" jdbcType="VARCHAR" />
	</resultMap>


	<select id="fetchNigo" parameterType="map" resultMap="aNigo">
		select * from
		(SELECT NIGO.NIGO_SQN,
		NIGO.GROUP_ID,
		NIGO.NIGOED_BY,
		NIGO.NIGOED_REASONS,
		NIGO.NIGOED_TS,
		NIGO.UPDATED_TS
		FROM A_NIGO NIGO,
		D_TASK TASK,
		D_STEP STEP
		WHERE TASK.CASE_ID = #{caseId, jdbcType=VARCHAR}
		AND TASK.TASK_ID = STEP.TASK_ID
		AND STEP.STEP_SQN = NIGO.GROUP_ID
		UNION
		SELECT NIGO.NIGO_SQN,
		NIGO.GROUP_ID,
		NIGO.NIGOED_BY,
		NIGO.NIGOED_REASONS,
		NIGO.NIGOED_TS,
		NIGO.UPDATED_TS
		FROM A_NIGO NIGO,
		D_CASE CS,
		D_SOLUTION SOL
		WHERE CS.CASE_ID = #{caseId, jdbcType=VARCHAR}
		AND CS.SOLUTION_SQN = SOL.SOLUTION_SQN
		AND SOL.REQUEST_ID = NIGO.GROUP_ID)
		order by NIGOED_TS desc
	</select>

	<select id="fetchNigoByGroupId" parameterType="map" resultMap="aNigo">
		SELECT NIGO.NIGO_SQN,
		NIGO.GROUP_ID,
		NIGO.NIGOED_BY,
		NIGO.NIGOED_REASONS,
		NIGO.NIGOED_TS,
		NIGO.UPDATED_TS
		FROM A_NIGO NIGO
		WHERE NIGO.GROUP_ID = #{id, jdbcType=VARCHAR}
		order by NIGOED_TS desc
	</select>

	<select id="fetchNigoAndNigoReasonByCaseId" parameterType="map"
		resultMap="aNigoWithReaons">
		SELECT distinct NIGO.NIGO_SQN,
		NIGO.GROUP_ID,
		NIGO.NIGOED_BY,
		NIGO.NIGOED_REASONS,
		NIGO.NIGOED_TS,
		NIGO.UPDATED_TS,
		REASON.REASON_TXT,
		REASON.REASON_SQN
		FROM A_NIGO NIGO
		LEFT OUTER JOIN A_REASON REASON
		ON (NIGO.NIGO_SQN = REASON.GROUP_ID),
		D_CASE CS,
		D_SOLUTION SOL
		WHERE CS.CASE_ID = #{caseId, jdbcType=VARCHAR}
		AND CS.SOLUTION_SQN = SOL.SOLUTION_SQN
		AND SOL.REQUEST_ID = NIGO.GROUP_ID
		order by NIGO.UPDATED_TS desc
	</select>
</mapper>
