<?xml version="1.0" encoding="UTF-8"?>
<!DOCTYPE mapper PUBLIC "-//mybatis.org//DTD Mapper 3.0//EN" "http://mybatis.org/dtd/mybatis-3-mapper.dtd">
<mapper namespace="org.tiaa.icm.client.infocaddy.mapper.OmniTransactionsMapper">
	<resultMap id="aOmniTransactions" type="aOmniTransactions">
		<id property="omniSqn" column="OMNI_SQN"/>
		<result property="omniTransactionId" column="OMNI_TRANSACTION_ID" jdbcType="VARCHAR"/>
		<result property="omniTransactionType" column="OMNI_TRANSACTION_TYPE" jdbcType="VARCHAR"/>

		<result property="participantSegment" column="PARTICIPANT_SEGMENT" jdbcType="VARCHAR"/>
		<result property="planSegment" column="PLAN_SEGMENT" jdbcType="VARCHAR"/>
		<result property="omniFolderName" column="OMNI_FOLDER_NAME" jdbcType="VARCHAR"/>
		<result property="omniTradeDate" column="OMNI_TRADE_DATE" jdbcType="VARCHAR"/>
		<result property="omniSequenceNum" column="OMNI_SEQUENCE_NUM" jdbcType="VARCHAR"/>
		<result property="omniStatus" column="OMNI_STATUS" jdbcType="VARCHAR"/>
		<result property="omniErrorCode" column="OMNI_ERROR_CODE" jdbcType="VARCHAR"/>
		<result property="omniErrorMessage" column="OMNI_ERROR_MSG" jdbcType="VARCHAR"/>
		<result property="omniPostDate" column="OMNI_POST_DATE" jdbcType="TIMESTAMP"/>
		<result property="amount" column="AMOUNT" jdbcType="NUMERIC"/>
		<result property="paymentMethod" column="PAYMENT_METHOD" jdbcType="VARCHAR"/>
		<result property="transactionStatus" column="TRANSACTION_STATUS" jdbcType="VARCHAR"/>
		<result property="statusReason" column="STATUS_REASON" jdbcType="VARCHAR"/>
		<result property="otherInfo" column="OTHER_INFO" jdbcType="VARCHAR"/>
		<result property="groupId" column="GROUP_ID" jdbcType="VARCHAR"/>
		<result property="batchId" column="BATCH_ID" jdbcType="VARCHAR"/>
		<result property="processEndTs" column="PROCESS_END_TS" jdbcType="TIMESTAMP"/>
		<result property="processStatus" column="PROCESS_STATUS" jdbcType="VARCHAR"/>
		<result property="updatedTs" column="UPDATED_TS" jdbcType="TIMESTAMP"/>
		<result property="planNum" column="PLAN_NUM" jdbcType="VARCHAR"/>
		<result property="subPlanNum" column="SUB_PLAN_NUM" jdbcType="VARCHAR"/>
	</resultMap>


  <select id="fetchLoanOmniTransaction" parameterType="map" resultType="aOmniTransactions">
SELECT OMNITRAN.OMNI_SQN OMNISQN, OMNITRAN.OMNI_TRANSACTION_ID OMNITRANSACTIONID,
OMNITRAN.OMNI_TRANSACTION_TYPE OMNITRANSACTIONTYPE, OMNITRAN.PARTICIPANT_SEGMENT PARTICIPANTSEGMENT,
OMNITRAN.PLAN_SEGMENT PLANSEGMENT, OMNITRAN.OMNI_FOLDER_NAME OMNIFOLDERNAME,
OMNITRAN.OMNI_TRADE_DATE OMNITRADEDATE, OMNITRAN.OMNI_SEQUENCE_NUM OMNISEQUENCENUM,
OMNITRAN.OMNI_STATUS OMNISTATUS, OMNITRAN.OMNI_ERROR_CODE OMNIERRORCODE,
OMNITRAN.OMNI_ERROR_MSG OMNIERRORMSG, OMNITRAN.OMNI_POST_DATE OMNIPOSTDATE,
OMNITRAN.AMOUNT AMOUNT, OMNITRAN.PAYMENT_METHOD PAYMENTMETHOD,
OMNITRAN.TRANSACTION_STATUS TRANSACTIONSTATUS, OMNITRAN.STATUS_REASON STATUSREASON,
OMNITRAN.OTHER_INFO OTHERINFO, OMNITRAN.GROUP_ID GROUPID,
OMNITRAN.BATCH_ID BATCHID, OMNITRAN.PROCESS_END_TS PROCESSENDTS,
OMNITRAN.PROCESS_STATUS PROCESSSTATUS, OMNITRAN.UPDATED_TS UPDATEDTS,
OMNITRAN.PLAN_NUM PLANNUM, OMNITRAN.SUB_PLAN_NUM SUBPLANNUM
FROM CMREPORTING.A_OMNI_TRANSACTIONS OMNITRAN WHERE OMNITRAN.OMNI_SQN = #{omniSqn, jdbcType=NUMERIC}
  </select>

</mapper>