<?xml version="1.0" encoding="UTF-8"?>
<!DOCTYPE mapper PUBLIC "-//mybatis.org//DTD Mapper 3.0//EN" "http://mybatis.org/dtd/mybatis-3-mapper.dtd">
<mapper namespace="org.tiaa.icm.client.infocaddy.mapper.OmniProcessMapper">
	<resultMap id="aOmniProcess" type="aOmniProcess">
		<id property="id" column="GROUP_ID"/>
		<result property="omniFolderName" column="OMNI_FOLDER_NAME" jdbcType="VARCHAR"/>
		<result property="omniTradeDateTS" column="OMNI_TRADE_DATE" jdbcType="TIMESTAMP"/>
		<result property="omniSequenceNum" column="OMNI_SEQUENCE_NUM" jdbcType="VARCHAR"/>
		<result property="omniStatus" column="OMNI_STATUS" jdbcType="VARCHAR"/>
		<result property="omniErrorCode" column="OMNI_ERROR_CODE" jdbcType="VARCHAR"/>
		<result property="omniErrorMsg" column="OMNI_ERROR_MSG" jdbcType="VARCHAR"/>
		<result property="updatedTimeStamp" column="UPDATED_TS" jdbcType="TIMESTAMP"/>
		<result property="omniPostDate" column="OMNI_POST_DATE" jdbcType="TIMESTAMP"/>
		<result property="amount" column="AMOUNT" jdbcType="DECIMAL"/>
		<result property="paymentMethod" column="PAYMENT_METHOD" jdbcType="VARCHAR"/>
	</resultMap>

	<select id="fetchOmniProcess" parameterType="map" resultMap="aOmniProcess">
SELECT OMNI.GROUP_ID,
  OMNI.OMNI_FOLDER_NAME,
  OMNI.OMNI_TRADE_DATE,
  OMNI.OMNI_SEQUENCE_NUM,
  OMNI.OMNI_STATUS,
  OMNI.OMNI_ERROR_CODE,
  OMNI.OMNI_ERROR_MSG,
  OMNI.UPDATED_TS,
  OMNI.OMNI_POST_DATE,
  OMNI.AMOUNT,
  OMNI.PAYMENT_METHOD
FROM A_OMNIPROCESS OMNI
WHERE GROUP_ID = #{groupId, jdbcType=VARCHAR}
	</select>
</mapper>
