<?xml version="1.0" encoding="UTF-8"?>
<!DOCTYPE mapper PUBLIC "-//mybatis.org//DTD Mapper 3.0//EN" "http://mybatis.org/dtd/mybatis-3-mapper.dtd">
<mapper namespace="org.tiaa.icm.client.infocaddy.mapper.AQuestionMapper">
	<resultMap id="aQuestion" type="aQuestion">
		<id property="questionSqn" column="QUESTION_SQN" jdbcType="VARCHAR" />
		<result property="id" column="GROUP_ID" jdbcType="VARCHAR" />
		<result property="question" column="QUESTION" jdbcType="VARCHAR" />
		<result property="value" column="VALUE" jdbcType="VARCHAR" />
		<result property="questionTS" column="QUESTION_TS" jdbcType="TIMESTAMP" />
		<result property="updatedTS" column="UPDATED_TS" jdbcType="TIMESTAMP" />
		<result property="questionSrc" column="QUESTION_SOURCE"
			jdbcType="VARCHAR" />
		<result property="questionSetName" column="QUESTION_SET_NAME"
			jdbcType="VARCHAR" />
	</resultMap>


	<select id="fetchQuestions" parameterType="map" resultMap="aQuestion">
		SELECT Q.QUESTION_SQN,
		Q.GROUP_ID,
		Q.QUESTION,
		Q.VALUE,
		Q.QUESTION_TS,
		Q.UPDATED_TS,
		Q.QUESTION_SET_NAME,
		Q.QUESTION_SOURCE
		FROM A_QUESTION Q,
		D_CASE CS,
		D_SOLUTION SOL,
		A_NIGO NIGO
		WHERE CS.CASE_ID = #{caseId, jdbcType=VARCHAR}
		AND CS.SOLUTION_SQN = SOL.SOLUTION_SQN
		AND SOL.REQUEST_ID = NIGO.GROUP_ID
		AND NIGO.NIGO_SQN = Q.GROUP_ID
	</select>
	<select id="fetchQuestionsByGrouopId" parameterType="map"
		resultMap="aQuestion">
		SELECT Q.QUESTION_SQN,
		Q.GROUP_ID,
		Q.QUESTION,
		Q.VALUE,
		Q.QUESTION_TS,
		Q.UPDATED_TS,
		Q.QUESTION_SET_NAME,
		Q.QUESTION_SOURCE
		FROM A_QUESTION Q
		WHERE Q.GROUP_ID = #{groupId, jdbcType=VARCHAR}
	</select>
</mapper>
