<?xml version="1.0" encoding="UTF-8"?>
<!DOCTYPE mapper PUBLIC "-//mybatis.org//DTD Mapper 3.0//EN" "http://mybatis.org/dtd/mybatis-3-mapper.dtd">
<mapper namespace="org.tiaa.icm.client.infocaddy.mapper.AReasonMapper">
	<resultMap id="aReason" type="aReason">
		<id property="reasonSqn" column="REASON_SQN" jdbcType="VARCHAR" />
		<result property="id" column="GROUP_ID" jdbcType="VARCHAR" />
		<result property="reasonTxt" column="REASON_TXT" jdbcType="VARCHAR" />
		<result property="reasonTS" column="REASON_TS" jdbcType="TIMESTAMP" />
		<result property="updatedTS" column="UPDATED_TS" jdbcType="TIMESTAMP" />
		<result property="reasonSrc" column="REASON_SOURCE" jdbcType="VARCHAR" />
		<result property="reasonSetName" column="REASON_SET_NAME"
			jdbcType="VARCHAR" />
		<result property="stepActionTakenBy" column="STEP_ACTION_TAKEN_BY"
			jdbcType="VARCHAR" />
	</resultMap>

	<select id="fetchReasonsByCaseIdAndTask" parameterType="map"
		resultMap="aReason">
		select AR.REASON_SOURCE,
		AR.REASON_TXT,
		AR.REASON_TS,
		DS.STEP_ACTION_TAKEN_BY,
		AR.REASON_SET_NAME
		from CMREPORTING.A_REASON AR
		inner join CMREPORTING.D_STEP DS on AR.GROUP_ID = DS.STEP_SQN
		inner join CMREPORTING.D_TASK DT on DS.TASK_ID = DT.TASK_ID
		where DT.CASE_ID = #{caseId, jdbcType=VARCHAR}
	</select>
	<select id="fetchReasonsByGrouopId" parameterType="map"
		resultMap="aReason">
		SELECT R.REASON_SQN,
		R.GROUP_ID,
		R.REASON_TXT,
		R.REASON_TS,
		R.UPDATED_TS,
		R.REASON_SOURCE,
		R.REASON_SET_NAME
		FROM A_REASON R
		WHERE R.GROUP_ID = #{groupId, jdbcType=VARCHAR}
	</select>

	  <select id="fetchReasonsByGrouopAndSet" parameterType="map" resultMap="aReason">
	SELECT R.REASON_SQN,
	  R.GROUP_ID,
	  R.REASON_TXT,
	  R.REASON_TS,
	  R.UPDATED_TS,
	  R.REASON_SOURCE,
	  R.REASON_SET_NAME
	FROM A_REASON R
	WHERE R.GROUP_ID      = #{groupId, jdbcType=VARCHAR}
	AND  REASON_SET_NAME = #{reasonSetName, jdbcType=VARCHAR}
	  </select>

</mapper>
