<?xml version="1.0" encoding="UTF-8"?>
<!DOCTYPE mapper PUBLIC "-//mybatis.org//DTD Mapper 3.0//EN" "http://mybatis.org/dtd/mybatis-3-mapper.dtd">
<mapper namespace="org.tiaa.icm.client.infocaddy.mapper.FileHistoryMapper">

	<resultMap id="fileHistory" type="fileHistory">
		<result property="identifierName" column="IDENTIFIER_NAME" jdbcType="VARCHAR"/>
		<result property="identifierValue" column="IDENTIFIER_VALUE" jdbcType="VARCHAR"/>
	</resultMap>


<select id="fetchByGroupIdAndIdentifierNames" parameterType="map" resultMap="fileHistory">
SELECT KIDNT.IDENTIFIER_NAME as IDENTIFIER_NAME,
  IDNT.IDENTIFIER_VALUE as IDENTIFIER_VALUE
FROM
   CMREPORTING.D_IDENTIFIER IDNT
   INNER JOIN CMREPORTING.K_IDENTIFIER KIDNT
   ON KIDNT.IDENTIFIER_KEY = IDNT.IDENTIFIER_KEY
WHERE
	IDNT.GROUP_ID IN
	<foreach item="groupId" index="index" collection="groupIds"
        open="(" separator="," close=")">
          #{groupId}
    </foreach>

	AND KIDNT.IDENTIFIER_NAME IN
	<foreach item="identifierName" index="index" collection="identifierNames"
        open="(" separator="," close=")">
          #{identifierName}
    </foreach>
</select>

</mapper>
