<?xml version="1.0" encoding="UTF-8"?>
<!DOCTYPE mapper PUBLIC "-//mybatis.org//DTD Mapper 3.0//EN" "http://mybatis.org/dtd/mybatis-3-mapper.dtd">
<mapper namespace="org.tiaa.icm.client.infocaddy.mapper.RecentCasesMapper">

	<resultMap id="recentCases" type="recentCases">
		<result property="caseId" column="CASE_ID" jdbcType="VARCHAR" />
		<result property="identifierName" column="IDENTIFIER_NAME" jdbcType="VARCHAR" />
		<result property="identifierValue" column="IDENTIFIER_VALUE" jdbcType="VARCHAR" />
		<result property="caseStartedTS" column="CASE_STARTED_TS" jdbcType="TIMESTAMP" />
		<result property="status" column="STATUS" jdbcType="VARCHAR" />
		<result property="strCaseStartedTS" column="STR_CASE_STARTED_TS" jdbcType="VARCHAR" />
	</resultMap>

	<select id="fetchRecentCases" parameterType="map" resultType="recentCases">
	SELECT CASE.CASE_ID CASEID, KIDNT.IDENTIFIER_NAME IDENTIFIERNAME, IDNT.IDENTIFIER_VALUE IDENTIFIERVALUE,  KSTAT.STATUS_NAME STATUS ,CASE.CASE_STARTED_TS CASESTARTEDTS,
	to_char(CASE.CASE_STARTED_TS,'MM/DD/YYYY HH:MI:SSAM') STRCASESTARTEDTS
	FROM CMREPORTING.D_REQUEST REQ, CMREPORTING.D_SOLUTION SOL, CMREPORTING.K_SOLUTION_TYPE KSOL,
	CMREPORTING.D_CASE CASE, CMREPORTING.D_IDENTIFIER IDNT, CMREPORTING.K_IDENTIFIER KIDNT,
	CMREPORTING.D_STATUS DSTAT, CMREPORTING.K_STATUS KSTAT
	WHERE REQ.REQUEST_ID = SOL.REQUEST_ID AND
	SOL.SOLUTION_SQN = CASE.SOLUTION_SQN AND
	CASE.CASE_ID = IDNT.GROUP_ID AND
	IDNT.IDENTIFIER_KEY = KIDNT.IDENTIFIER_KEY AND
	CASE.CASE_ID = DSTAT.GROUP_ID AND
	DSTAT.STATUS_KEY = KSTAT.STATUS_KEY AND
	KSOL.SOLUTION_TYPE_KEY = SOL.SOLUTION_TYPE_KEY AND
	REQ.INSTITUTION_ID =
	    (SELECT REQ.INSTITUTION_ID FROM CMREPORTING.D_REQUEST REQ, CMREPORTING.D_SOLUTION SOL, CMREPORTING.D_CASE CS WHERE
		REQ.REQUEST_ID = SOL.REQUEST_ID AND SOL.SOLUTION_SQN = CS.SOLUTION_SQN
		AND CS.CASE_ID = #{caseId, jdbcType=VARCHAR}
	     )
	AND DSTAT.STATUS_STARTED_TS = (SELECT MAX(STATUS_STARTED_TS) FROM CMREPORTING.D_STATUS WHERE GROUP_ID = DSTAT.GROUP_ID)
	AND CASE.CASE_ID != #{caseId, jdbcType=VARCHAR}
	AND  KSTAT.STATUS_CLASS='Case'
	AND CASE.CASE_ID IN (
	    SELECT DI.GROUP_ID FROM CMREPORTING.D_IDENTIFIER DI, CMREPORTING.K_IDENTIFIER KI
	    WHERE KI.IDENTIFIER_NAME IN  ('Case Number','Client File Name') AND DI.IDENTIFIER_KEY = KI.IDENTIFIER_KEY
	    GROUP BY DI.GROUP_ID HAVING COUNT(DI.IDENTIFIER_KEY) >= 2
  	)
	AND KIDNT.IDENTIFIER_NAME IN ('Case Number','Client File Name','Last Processed By')
    AND REQ.REQ_RECEIVED_TS > #{date, jdbcType=TIMESTAMP}
    AND KSOL.SOLUTION_NAME = (
		SELECT DISTINCT SOLTYPE2.SOLUTION_NAME
		FROM CMREPORTING.D_SOLUTION SOL2,
		CMREPORTING.K_SOLUTION_TYPE SOLTYPE2,
		CMREPORTING.D_CASE CS2
		WHERE CS2.CASE_ID    = #{caseId, jdbcType=VARCHAR}
		AND CS2.SOLUTION_SQN = SOL2.SOLUTION_SQN
		AND SOL2.SOLUTION_TYPE_KEY = SOLTYPE2.SOLUTION_TYPE_KEY
    )
	ORDER BY CASE.CASE_STARTED_TS DESC,CASE.CASE_ID,IDNT.IDENTIFIER_VALUE
	</select>
</mapper>
