<?xml version="1.0" encoding="UTF-8"?>
<!DOCTYPE mapper PUBLIC "-//mybatis.org//DTD Mapper 3.0//EN" "http://mybatis.org/dtd/mybatis-3-mapper.dtd">
<mapper namespace="org.tiaa.icm.client.mapper.RelatedCasesMapper">
	<resultMap id="relatedCasesMap" type="RelatedCase" >
		<id column="CASEID" property="caseId" />
		<result column="CONFIRMATION" property="confirmation" />
		<result column="CREATEDDATE" property="createdDate" />
		<result column="COMPLETEDDATE" property="completedDate" />
		<result column="CASE_STATUS" property="caseStatus" />
		<result column="CASETYPE" property="caseType" />
		<result column="CASE_IDENTIFIER" property="caseIdentifier" />
	</resultMap>
	<resultMap id="entityMap" type="String" >
		<id column="ENTITYID" property="entityId" />
	</resultMap>

	<select id="getRelatedCases" resultMap="relatedCasesMap" parameterType="String">
	SELECT case2.case_Id CASEID,
	  case2.orch_id CONFIRMATION,
	  case2.case_started_ts CREATEDDATE,
	  case2.case_completed_ts COMPLETEDDATE,
	  case2.latest_status CASE_STATUS,
	  kct.case_type_name CASETYPE,
	  case2.case_identifier CASE_IDENTIFIER
	FROM CMREPORTING.D_REQUEST req,
	  CMREPORTING.K_CASE_TYPE KCT,
	  CMREPORTING.D_SOLUTION sol1, CMREPORTING.D_CASE case1, CMREPORTING.K_SOLUTION_TYPE ksol1,
	  CMREPORTING.D_SOLUTION sol2, CMREPORTING.D_CASE case2, CMREPORTING.K_SOLUTION_TYPE ksol2
	WHERE req.request_Id       = sol1.request_Id
	AND sol1.solution_sqn       = case1.solution_sqn
	AND ksol1.solution_type_key = sol1.solution_type_key
	AND req.request_id         = sol2.request_id
	AND sol2.solution_sqn       = case2.solution_sqn
	AND ksol2.solution_type_key = sol2.solution_type_key
	AND ksol1.solution_name    != ksol2.solution_name
	AND (case1.orch_id         IS NULL
		OR case2.orch_id           IS NULL
		OR case1.orch_id           != case2.orch_id )
	AND case2.CASE_TYPE_KEY     =KCT.CASE_TYPE_KEY
	AND case1.case_id           =#{value}
	order by case2.CASE_STARTED_TS desc
	</select>

	<select id="getRelatedCasesForBO" resultMap="relatedCasesMap" parameterType="String">
		SELECT cs.case_id CASEID,
	  cs.orch_id CONFIRMATION,
	  cs.case_started_ts CREATEDDATE,
	  cs.case_completed_ts COMPLETEDDATE ,
	  cs.latest_status CASESTATUS,
	  kct.case_type_name CASETYPE,
	  cs.case_identifier CASEIDENTIFIER
FROM cmreporting.d_request request,
  cmreporting.d_case cs,
  cmreporting.d_solution soln,
  cmreporting.k_case_type kct,
  cmreporting.k_solution_type kst
WHERE request.request_id = soln.request_id
AND soln.solution_sqn    = cs.SOLUTION_SQN
AND cs.case_type_key     = kct.case_type_key
AND request.morch_id =
  (SELECT dr.MORCH_ID
  FROM cmreporting.d_case dc,
    cmreporting.d_solution ds,
    cmreporting.d_request dr
  WHERE dr.REQUEST_ID = ds.REQUEST_ID
  AND dc.SOLUTION_SQN = ds.SOLUTION_SQN
  AND dc.case_id      = #{value}
  )
AND cs.case_id           != #{value}
AND soln.SOLUTION_TYPE_KEY=kst.SOLUTION_TYPE_KEY
AND trim(kst.SOLUTION_NAME) != 'Asset Transfer Operations'
order by cs.CASE_STARTED_TS desc
	</select>


<select id="getRelatedCasesForPI_PMO" resultMap="relatedCasesMap" parameterType="String">
SELECT case2.case_Id CASEID,
	  case2.orch_id CONFIRMATION,
	  case2.case_started_ts CREATEDDATE,
	  case2.case_completed_ts COMPLETEDDATE,
	  case2.latest_status CASE_STATUS,
	  kct.case_type_name CASETYPE,
	  case2.case_identifier CASE_IDENTIFIER
	FROM CMREPORTING.D_REQUEST req,
	  CMREPORTING.K_CASE_TYPE KCT,
    cmreporting.k_solution_type kst,
	  CMREPORTING.D_SOLUTION sol1, CMREPORTING.D_CASE case1, CMREPORTING.K_SOLUTION_TYPE ksol1,
	  CMREPORTING.D_SOLUTION sol2, CMREPORTING.D_CASE case2, CMREPORTING.K_SOLUTION_TYPE ksol2
	WHERE req.request_Id       = sol1.request_Id
	AND sol1.solution_sqn       = case1.solution_sqn
	AND ksol1.solution_type_key = sol1.solution_type_key
	AND req.request_id         = sol2.request_id
	AND sol2.solution_sqn       = case2.solution_sqn
	AND ksol2.solution_type_key = sol2.solution_type_key
	AND ksol1.solution_name    != ksol2.solution_name
	AND (case1.orch_id         IS NULL
		OR case2.orch_id           IS NULL
		OR case1.orch_id           != case2.orch_id )
	AND case2.CASE_TYPE_KEY     =KCT.CASE_TYPE_KEY
  	AND sol2.SOLUTION_TYPE_KEY=kst.SOLUTION_TYPE_KEY
	AND trim(kst.SOLUTION_NAME) = 'Payout Operations'
	AND case1.case_id           =#{value}
	order by case2.CASE_STARTED_TS desc
</select>

	<select id="getLoanId" resultMap="entityMap" parameterType="String">
	SELECT entity_id ENTITYID
	FROM cmreporting.d_entity
	WHERE group_id=#{value}
	</select>
</mapper>