<?xml version="1.0" encoding="UTF-8"?>
<!DOCTYPE mapper PUBLIC "-//mybatis.org//DTD Mapper 3.0//EN" "http://mybatis.org/dtd/mybatis-3-mapper.dtd">

<mapper namespace="org.tiaa.icm.client.infocaddy.mapper.RepaymentDetailsMapper">
	<resultMap id="repaymentDetails" type="repaymentDetails">
		<result property="plan" column="TASK_PLAN_NUM" jdbcType="VARCHAR"/>
		<result property="subPlan" column="TASK_SUB_PLAN_NUM" jdbcType="VARCHAR"/>
		<result property="omniPostDate" column="OMNI_POST_DATE" jdbcType="TIMESTAMP"/>
		<result property="amount" column="AMOUNT" jdbcType="DECIMAL"/>
		<result property="paymentMethod" column="PAYMENT_METHOD" jdbcType="VARCHAR"/>
		<result property="omniStatus" column="OMNI_STATUS" jdbcType="VARCHAR"/>
		<result property="groupId" column="GROUP_ID" jdbcType="VARCHAR"/>
		<result property="loanId" column="ENTITY_ID" jdbcType="VARCHAR"/>
		<result property="transactionType" column="IDENTIFIER_NAME" jdbcType="VARCHAR"/>
		<result property="transactionValue" column="IDENTIFIER_VALUE" jdbcType="VARCHAR"/>
		<result property="type" column="TYPE" jdbcType="VARCHAR"/>
	</resultMap>

  <select id="fetchPlanRepaymentDetails" parameterType="map" resultMap="repaymentDetails">
SELECT * FROM (
	SELECT 'Omni' AS TYPE,
	TASK.TASK_PLAN_NUM,
	TASK.TASK_SUB_PLAN_NUM,
	TASK.GROUP_ID AS ENTITY_ID,
	OMNI.AMOUNT,
	OMNI.PAYMENT_METHOD,
	OMNI.OMNI_TRADE_DATE AS OMNI_POST_DATE,
	OMNI.OMNI_STATUS,
  	OMNI.GROUP_ID,
  	KID.IDENTIFIER_NAME,
  	DID.IDENTIFIER_VALUE
  	FROM  CMREPORTING.D_CASE CS, CMREPORTING.D_TASK TASK, CMREPORTING.A_OMNIPROCESS OMNI,
  	CMREPORTING.D_RET_REFERENCE RET, CMREPORTING.D_IDENTIFIER DID, CMREPORTING.K_IDENTIFIER KID
  	WHERE CS.CASE_ID = #{caseId, jdbcType=VARCHAR} AND
  	CS.CASE_ID = TASK.CASE_ID AND
  	TASK.TASK_ID = OMNI.GROUP_ID AND
  	RET.GROUP_ID = CS.CASE_ID AND
	DID.GROUP_ID = RET.REF_SQN AND
	DID.IDENTIFIER_KEY = KID.IDENTIFIER_KEY AND
	KID.IDENTIFIER_NAME ='Loan ID'

  	UNION

  	SELECT 'Omni' AS TYPE,
  	TASK.TASK_PLAN_NUM,
  	TASK.TASK_SUB_PLAN_NUM,
  	TASK.GROUP_ID AS ENTITY_ID,
  	OMNI.AMOUNT,
  	OMNI.PAYMENT_METHOD,
  	OMNI.OMNI_TRADE_DATE AS OMNI_POST_DATE,
  	OMNI.OMNI_STATUS,
  	OMNI.GROUP_ID,
  	KID.IDENTIFIER_NAME,
  	DID.IDENTIFIER_VALUE
  	FROM  CMREPORTING.D_CASE CS, CMREPORTING.D_TASK TASK,
  	CMREPORTING.A_OMNIPROCESS OMNI, CMREPORTING.D_STEP STEP,
  	CMREPORTING.D_RET_REFERENCE RET, CMREPORTING.D_IDENTIFIER DID,
  	CMREPORTING.K_IDENTIFIER KID
  	WHERE CS.CASE_ID = #{caseId, jdbcType=VARCHAR} AND
  	CS.CASE_ID = TASK.CASE_ID AND
  	STEP.STEP_SQN = OMNI.GROUP_ID AND
  	STEP.TASK_ID = TASK.TASK_ID AND
  	RET.GROUP_ID = CS.CASE_ID AND
	DID.GROUP_ID = RET.REF_SQN AND
	DID.IDENTIFIER_KEY  = KID.IDENTIFIER_KEY AND
	KID.IDENTIFIER_NAME = 'Loan ID'

  	UNION

  	SELECT 'Omni' AS TYPE,
  	TASK.TASK_PLAN_NUM,
  	TASK.TASK_SUB_PLAN_NUM,
  	TASK.GROUP_ID AS ENTITY_ID,
  	null,
  	null,
  	TO_TIMESTAMP(DID.IDENTIFIER_VALUE,'YYYY-MM-DD') OMNI_POST_DATE,
  	'Reject' OMNI_STATUS,
  	TASK.TASK_ID AS GROUP_ID,
  	KID.IDENTIFIER_NAME,
  	DID.IDENTIFIER_VALUE
  	FROM  CMREPORTING.D_CASE CS, CMREPORTING.D_TASK TASK, D_IDENTIFIER DID, K_IDENTIFIER KID
  	WHERE CS.CASE_ID = #{caseId, jdbcType=VARCHAR} AND
  	CS.CASE_ID = TASK.CASE_ID AND
  	TASK.TASK_DISPLAY_NAME LIKE 'EFT Re-payment Reject%' AND
  	DID.GROUP_ID = TASK.TASK_ID AND
  	DID.IDENTIFIER_KEY = KID.IDENTIFIER_KEY AND
  	KID.IDENTIFIER_NAME = 'TradeDate'

  	UNION

  	SELECT 'OmniBatch' AS TYPE,
  	OMNI.PLAN_NUM AS TASK_PLAN_NUM,
  	OMNI.SUB_PLAN_NUM AS TASK_SUB_PLAN_NUM,
  	OMNI.OMNI_TRANSACTION_ID AS ENTITY_ID,
  	OMNI.AMOUNT AS AMOUNT,
  	OMNI.PAYMENT_METHOD AS PAYMENT_METHOD,
  	TO_TIMESTAMP(OMNI.OMNI_TRADE_DATE,'YYYY-MM-DD') AS OMNI_POST_DATE,
  	OMNI.OMNI_STATUS AS OMNI_STATUS,
  	TO_CHAR(OMNI.OMNI_SQN) AS GROUP_ID,
  	OMNI.OMNI_TRANSACTION_TYPE AS IDENTIFIER_NAME,
  	OMNI.TRANSACTION_STATUS AS IDENTIFIER_VALUE
  	FROM A_OMNI_TRANSACTIONS OMNI, D_CASE CS, K_CASE_TYPE CTYPE WHERE
	CS.ORCH_ID = OMNI.OMNI_TRANSACTION_ID AND
	CS.CASE_ID = #{caseId, jdbcType=VARCHAR} AND
	CTYPE.CASE_TYPE_KEY = CS.CASE_TYPE_KEY AND
	CTYPE.CASE_TYPE_NAME = 'Loan Repayment' AND
	OMNI.OMNI_TRANSACTION_TYPE = #{omniTransactionType, jdbcType=VARCHAR} AND
	OMNI.OMNI_STATUS =  #{omniStatus, jdbcType=VARCHAR}
  )
  ORDER BY TASK_PLAN_NUM, TASK_SUB_PLAN_NUM, OMNI_POST_DATE DESC
 </select>

  <select id="fetchSubPlanRepaymentDetails" parameterType="map" resultMap="repaymentDetails">
SELECT * FROM (
	SELECT 'Omni' AS TYPE,
	TASK.TASK_PLAN_NUM,
	TASK.TASK_SUB_PLAN_NUM,
	TASK.GROUP_ID AS ENTITY_ID,
	OMNI.AMOUNT,
	OMNI.PAYMENT_METHOD,
	OMNI.OMNI_TRADE_DATE AS OMNI_POST_DATE,
	OMNI.OMNI_STATUS,
  	OMNI.GROUP_ID,
  	KID.IDENTIFIER_NAME,
  	DID.IDENTIFIER_VALUE
  	FROM  CMREPORTING.D_CASE CS, CMREPORTING.D_TASK TASK, CMREPORTING.A_OMNIPROCESS OMNI,
  	CMREPORTING.D_RET_REFERENCE RET, CMREPORTING.D_IDENTIFIER DID, CMREPORTING.K_IDENTIFIER KID
  	WHERE CS.CASE_ID = #{caseId, jdbcType=VARCHAR} AND
  	CS.CASE_ID = TASK.CASE_ID AND
  	TASK.TASK_ID = OMNI.GROUP_ID AND
  	RET.GROUP_ID = CS.CASE_ID AND
	DID.GROUP_ID = RET.REF_SQN AND
	DID.IDENTIFIER_KEY = KID.IDENTIFIER_KEY AND
	KID.IDENTIFIER_NAME ='Loan ID' AND
    TASK.TASK_PLAN_NUM = #{plan, jdbcType=VARCHAR} AND
    TASK.TASK_SUB_PLAN_NUM = #{subPlan, jdbcType=VARCHAR}

  	UNION

  	SELECT 'Omni' AS TYPE,
  	TASK.TASK_PLAN_NUM,
  	TASK.TASK_SUB_PLAN_NUM,
  	TASK.GROUP_ID AS ENTITY_ID,
  	OMNI.AMOUNT,
  	OMNI.PAYMENT_METHOD,
  	OMNI.OMNI_TRADE_DATE AS OMNI_POST_DATE,
  	OMNI.OMNI_STATUS,
  	OMNI.GROUP_ID,
  	KID.IDENTIFIER_NAME,
  	DID.IDENTIFIER_VALUE
  	FROM  CMREPORTING.D_CASE CS, CMREPORTING.D_TASK TASK,
  	CMREPORTING.A_OMNIPROCESS OMNI, CMREPORTING.D_STEP STEP,
  	CMREPORTING.D_RET_REFERENCE RET, CMREPORTING.D_IDENTIFIER DID,
  	CMREPORTING.K_IDENTIFIER KID
  	WHERE CS.CASE_ID = #{caseId, jdbcType=VARCHAR} AND
  	CS.CASE_ID = TASK.CASE_ID AND
  	STEP.STEP_SQN = OMNI.GROUP_ID AND
  	STEP.TASK_ID = TASK.TASK_ID AND
  	RET.GROUP_ID = CS.CASE_ID AND
	DID.GROUP_ID = RET.REF_SQN AND
	DID.IDENTIFIER_KEY  = KID.IDENTIFIER_KEY AND
	KID.IDENTIFIER_NAME = 'Loan ID' AND
    TASK.TASK_PLAN_NUM = #{plan, jdbcType=VARCHAR} AND
    TASK.TASK_SUB_PLAN_NUM = #{subPlan, jdbcType=VARCHAR}

  	UNION

  	SELECT 'Omni' AS TYPE,
  	TASK.TASK_PLAN_NUM,
  	TASK.TASK_SUB_PLAN_NUM,
  	TASK.GROUP_ID AS ENTITY_ID,
  	null,
  	null,
  	TO_TIMESTAMP(DID.IDENTIFIER_VALUE,'YYYY-MM-DD') OMNI_POST_DATE,
  	'Reject' OMNI_STATUS,
  	TASK.TASK_ID AS GROUP_ID,
  	KID.IDENTIFIER_NAME,
  	DID.IDENTIFIER_VALUE
  	FROM  CMREPORTING.D_CASE CS, CMREPORTING.D_TASK TASK, D_IDENTIFIER DID, K_IDENTIFIER KID
  	WHERE CS.CASE_ID = #{caseId, jdbcType=VARCHAR} AND
  	CS.CASE_ID = TASK.CASE_ID AND
  	TASK.TASK_DISPLAY_NAME LIKE 'EFT Re-payment Reject%' AND
  	DID.GROUP_ID = TASK.TASK_ID AND
  	DID.IDENTIFIER_KEY = KID.IDENTIFIER_KEY AND
  	KID.IDENTIFIER_NAME = 'TradeDate' AND
    TASK.TASK_PLAN_NUM = #{plan, jdbcType=VARCHAR} AND
    TASK.TASK_SUB_PLAN_NUM = #{subPlan, jdbcType=VARCHAR}

  	UNION

  	SELECT 'OmniBatch' AS TYPE,
  	OMNI.PLAN_NUM AS TASK_PLAN_NUM,
  	OMNI.SUB_PLAN_NUM AS TASK_SUB_PLAN_NUM,
  	OMNI.OMNI_TRANSACTION_ID AS ENTITY_ID,
  	OMNI.AMOUNT AS AMOUNT,
  	OMNI.PAYMENT_METHOD AS PAYMENT_METHOD,
  	TO_TIMESTAMP(OMNI.OMNI_TRADE_DATE,'YYYY-MM-DD') AS OMNI_POST_DATE,
  	OMNI.OMNI_STATUS AS OMNI_STATUS,
  	TO_CHAR(OMNI.OMNI_SQN) AS GROUP_ID,
  	OMNI.OMNI_TRANSACTION_TYPE AS IDENTIFIER_NAME,
  	OMNI.TRANSACTION_STATUS AS IDENTIFIER_VALUE
	FROM A_OMNI_TRANSACTIONS OMNI, D_CASE CS, K_CASE_TYPE CTYPE WHERE
	CS.ORCH_ID = OMNI.OMNI_TRANSACTION_ID AND
	CS.CASE_ID = #{caseId, jdbcType=VARCHAR} AND
	CTYPE.CASE_TYPE_KEY = CS.CASE_TYPE_KEY AND
	CTYPE.CASE_TYPE_NAME = 'Loan Repayment' AND
	OMNI.OMNI_TRANSACTION_TYPE = #{omniTransactionType, jdbcType=VARCHAR} AND
	OMNI.OMNI_STATUS =  #{omniStatus, jdbcType=VARCHAR} AND
    OMNI.PLAN_NUM = #{plan, jdbcType=VARCHAR} AND
    OMNI.SUB_PLAN_NUM = #{subPlan, jdbcType=VARCHAR}
  )
  ORDER BY OMNI_POST_DATE DESC
  	</select>
</mapper>
