<?xml version="1.0" encoding="UTF-8"?>
<!DOCTYPE mapper PUBLIC "-//mybatis.org//DTD Mapper 3.0//EN" "http://mybatis.org/dtd/mybatis-3-mapper.dtd">
<mapper namespace="org.tiaa.icm.client.mapper.TaskStepMapper">
<resultMap id="taskStep" type="org.tiaa.icm.client.domain.TaskStepInfo">
	<result property="taskId" column="task_id"/>
    <result property="stepActionTakenBy" column="step_action_taken_by"/>
    <result property="stepCompletedTs" column="step_completed_ts"/>
    <result property="taskStartedBy" column="task_created_by"/>
    <result property="taskStartedOn" column="task_started_ts"/>
</resultMap>
	<select id="getTaskStepInfo" resultMap="taskStep" parameterType="java.util.Set">
		select distinct ds.task_id, ds.step_action_taken_by,ds.step_completed_ts,dt.task_created_by,dt.task_started_ts
			FROM cmreporting.d_step ds, cmreporting.d_task dt
			WHERE ds.task_id=dt.task_id and
			dt.task_id IN
			<foreach item="item" collection="set"
		        open="(" separator="," close=")">
		          #{item}
    		</foreach>
	</select>
</mapper>