<?xml version="1.0" encoding="UTF-8"?>
    <WorkItemRequest xmlns="http://esb.tiaa.org/case-management-rs-v1.0/types" xmlns:ns1="http://esb.tiaa.org/case-management-common-types/types">
        <WorkItem>
                <ns1:Summary>
                    <ns1:Task>
                        <ns1:TaskId>t1404014vj2</ns1:TaskId>
                        <ns1:TaskType>OTCPAYNWAV</ns1:TaskType>
                        <ns1:TaskStatus>Open</ns1:TaskStatus>
                        <ns1:Department>LS CASH 4</ns1:Department>
                        <ns1:LastUpdatedDate>2014-04-25</ns1:LastUpdatedDate>
                        <ns1:LastUpdatedTime>17:40:04</ns1:LastUpdatedTime>
                        <ns1:Identifiers>
                            <ns1:Identifier>
                                <ns1:Name>SSN</ns1:Name>
                                <ns1:Value>002151108</ns1:Value>
                            </ns1:Identifier>
                            <ns1:Identifier>
                                <ns1:Name>PIN</ns1:Name>
                                <ns1:Value>1366622</ns1:Value>
                            </ns1:Identifier>
                            <ns1:Identifier>
                                <ns1:Name>AUDIT NBR</ns1:Name>
                                <ns1:Value>20140311043943156500</ns1:Value>
                            </ns1:Identifier>
                            <ns1:Identifier>
                                <ns1:Name>PLAN</ns1:Name>
                                <ns1:Value>100191</ns1:Value>
                            </ns1:Identifier>
                            <ns1:Identifier>
                                <ns1:Name>PARTIC</ns1:Name>
                                <ns1:Value>002151108RA6002</ns1:Value>
                            </ns1:Identifier>
                            <ns1:Identifier>
                                <ns1:Name>TASK GUID</ns1:Name>
                                <ns1:Value>ENCOUNT:9D3870A00FEAF0F877D6358590B03BE0</ns1:Value>
                            </ns1:Identifier>
                            <ns1:Identifier>
                                <ns1:Name>CONTRACT</ns1:Name>
                                <ns1:Value>D6368353</ns1:Value>
                            </ns1:Identifier>
                            <ns1:Identifier>
                                <ns1:Name>TERM DATE</ns1:Name>
                                <ns1:Value>ON FILE</ns1:Value>
                            </ns1:Identifier>
                            <ns1:Identifier>
                                <ns1:Name>TRADE DATE</ns1:Name>
                                <ns1:Value>20140311</ns1:Value>
                            </ns1:Identifier>
                            <ns1:Identifier>
                                <ns1:Name>SR ID</ns1:Name>
                                <ns1:Value>1-2574608205</ns1:Value>
                            </ns1:Identifier>
                            <ns1:Identifier>
                                <ns1:Name>GLOBAL UID</ns1:Name>
                                <ns1:Value>T1404014VJ2-1-2574608205</ns1:Value>
                            </ns1:Identifier>
                        </ns1:Identifiers>
                    </ns1:Task>
                    <ns1:CaseId>p14040123sl</ns1:CaseId>
                    <ns1:RelationshipManager>Howell,Terry</ns1:RelationshipManager>
                    <ns1:AppName>EXPAG</ns1:AppName>
                    <ns1:SubTasks>
                        <ns1:SubTask>TBD</ns1:SubTask>
                        <ns1:SubTask>TBD</ns1:SubTask>
                        <ns1:SubTask>TBD</ns1:SubTask>
                        <ns1:SubTask>TBD</ns1:SubTask>
                        <ns1:SubTask>TBD</ns1:SubTask>
                    </ns1:SubTasks>
                    <ns1:SLADetail>
                        <ns1:OriginalSLA>10</ns1:OriginalSLA>
                        <ns1:RemainingSLA>4</ns1:RemainingSLA>
                    </ns1:SLADetail>
             </ns1:Summary>		
            <ns1:Documents>
                <ns1:Document>
                    <ns1:Routing>Inbound</ns1:Routing>
                    <ns1:DocumentName>d1404016.v59</ns1:DocumentName>
                    <ns1:DocumentType>A</ns1:DocumentType>
                    <ns1:ModifiedDate>2014-04-01</ns1:ModifiedDate>
                    <ns1:ModifiedTime>10:37:09</ns1:ModifiedTime>
                    <ns1:ModOper>atdn25q</ns1:ModOper>
                </ns1:Document>
            </ns1:Documents>
            <ns1:RelatedTasks>
                <ns1:RelatedTask>
                    <ns1:TaskId>t1404014vj2</ns1:TaskId>
                    <ns1:TaskType>OTCPAYNWAV</ns1:TaskType>
                    <ns1:TaskStatus>Open</ns1:TaskStatus>
                    <ns1:CreateDate>2014-04-01</ns1:CreateDate>
                    <ns1:CreateTime>10:37:09</ns1:CreateTime>
                    <ns1:Identifiers>
                        <ns1:Identifier>
                            <ns1:Name>SSN</ns1:Name>
                            <ns1:Value>002151108</ns1:Value>
                        </ns1:Identifier>
                        <ns1:Identifier>
                            <ns1:Name>PIN</ns1:Name>
                            <ns1:Value>1366622</ns1:Value>
                        </ns1:Identifier>
                        <ns1:Identifier>
                            <ns1:Name>AUDIT NBR</ns1:Name>
                            <ns1:Value>20140311043943156500</ns1:Value>
                        </ns1:Identifier>
                        <ns1:Identifier>
                            <ns1:Name>PLAN</ns1:Name>
                            <ns1:Value>100191</ns1:Value>
                        </ns1:Identifier>
                        <ns1:Identifier>
                            <ns1:Name>PARTIC</ns1:Name>
                            <ns1:Value>002151108RA6002</ns1:Value>
                        </ns1:Identifier>
                        <ns1:Identifier>
                            <ns1:Name>TASK GUID</ns1:Name>
                            <ns1:Value>ENCOUNT:9D3870A00FEAF0F877D6358590B03BE0</ns1:Value>
                        </ns1:Identifier>
                        <ns1:Identifier>
                            <ns1:Name>CONTRACT</ns1:Name>
                            <ns1:Value>D6368353</ns1:Value>
                        </ns1:Identifier>
                        <ns1:Identifier>
                            <ns1:Name>TERM DATE</ns1:Name>
                            <ns1:Value>ON FILE</ns1:Value>
                        </ns1:Identifier>
                        <ns1:Identifier>
                            <ns1:Name>TRADE DATE</ns1:Name>
                            <ns1:Value>20140311</ns1:Value>
                        </ns1:Identifier>
                        <ns1:Identifier>
                            <ns1:Name>SR ID</ns1:Name>
                            <ns1:Value>1-2574608205</ns1:Value>
                        </ns1:Identifier>
                        <ns1:Identifier>
                            <ns1:Name>GLOBAL UID</ns1:Name>
                            <ns1:Value>T1404014VJ2-1-2574608205</ns1:Value>
                        </ns1:Identifier>
                    </ns1:Identifiers>
                    <ns1:ActionDesc>PROCESS</ns1:ActionDesc>
                </ns1:RelatedTask>
            </ns1:RelatedTasks>
            <ns1:Notes>
                <ns1:Note>
                    <ns1:NoteDesc>Quality check performed on the case and all required elements were finalized and found to be IGO</ns1:NoteDesc>
                    <ns1:NoteDate>2014-04-25</ns1:NoteDate>
                    <ns1:NotetTime>17:40:04</ns1:NotetTime>
                    <ns1:PerfOper>atdn25q</ns1:PerfOper>
                </ns1:Note>
                <ns1:Note>
                    <ns1:NoteDesc>Suspending the QC check as am waiting on respond from DTG vis the XYZ</ns1:NoteDesc>
                    <ns1:NoteDate>2014-04-25</ns1:NoteDate>
                    <ns1:NotetTime>17:40:04</ns1:NotetTime>
                    <ns1:PerfOper>atdn25q</ns1:PerfOper>
                </ns1:Note>
            </ns1:Notes>
        </WorkItem>
    </WorkItemRequest>