<beans xmlns="http://www.springframework.org/schema/beans"
	xmlns:xsi="http://www.w3.org/2001/XMLSchema-instance" xmlns:p="http://www.springframework.org/schema/p"
	xmlns:jee="http://www.springframework.org/schema/jee" xmlns:jms="http://www.springframework.org/schema/jms"
	xmlns:util="http://www.springframework.org/schema/util"
	xsi:schemaLocation="
   http://www.springframework.org/schema/beans  http://www.springframework.org/schema/beans/spring-beans-3.0.xsd
   http://www.springframework.org/schema/jee http://www.springframework.org/schema/jee/spring-jee-2.0.xsd
   http://www.springframework.org/schema/jms http://www.springframework.org/schema/jms/spring-jms-3.0.xsd
  http://www.springframework.org/schema/util http://www.springframework.org/schema/util/spring-util-2.0.xsd">

	<bean id="httpRequestData" class="org.tiaa.icm.jaxws.client.HttpRequestData"/>
	<!--util:list id="rest.templatesUrlList" value-type="java.net.URL"> </util:list -->

	<!-- Rest-Service -->
	<bean id="guidHolder" class="java.lang.ThreadLocal" />

	<bean id="restErrorHandler" class="org.tiaa.icm.client.rest.RestErrorHandler">
		<property name="currentGuid" ref="guidHolder" />
	</bean>

	<bean abstract="true" id="esbRestClientInterceptor"
		class="org.tiaa.icm.client.rest.EsbRestClientInterceptor">
		<property name="appName" value="${esbUserId}" />
		<property name="password" value="${esbUserPwd}" />
		<property name="currentGuid" ref="guidHolder" />
	</bean>

	<util:list id="federatedSearchInterceptors">
		<bean parent="esbRestClientInterceptor">
			<property name="mediaTypes">
				<list>
					<bean class="org.springframework.http.MediaType"
						factory-method="parseMediaType">
						<constructor-arg
							value="application/vnd.tiaa.federated-document-rs-v1.0+xml" />
					</bean>
				</list>
			</property>
		</bean>
	</util:list>

	<bean abstract="true" id="esbRestTemplate"
		class="org.springframework.web.client.RestTemplate">
		<property name="errorHandler" ref="restErrorHandler" />
	</bean>


	<bean id="federatedSearch" class="org.tiaa.icm.client.rest.FederatedSearch">
		<property name="baseUrl"
			value="${federatedSearchRestDpEndpoint}/federated-document-rs-v1" />
		<property name="restTemplate">
			<bean parent="esbRestTemplate">
				<property name="interceptors" ref="federatedSearchInterceptors" />
			</bean>
		</property>
	</bean>

	<bean id="acmReportingRestTemplate" class="org.springframework.web.client.RestTemplate">
		<property name="errorHandler" ref="restErrorHandler" />
	</bean>

	<bean id="infoCaddyService" class="org.tiaa.icm.client.rest.InfoCaddyService">
		<property name="baseUrl"
			value="${BASE-URI}/ReportService/rest/solution/{solutionName}/case/{caseId}/caddy" />
		<property name="restTemplate" ref="acmReportingRestTemplate"/>

	</bean>


</beans>