<?xml version="1.0" encoding="UTF-8"?>
<beans xmlns="http://www.springframework.org/schema/beans"
	xmlns:xsi="http://www.w3.org/2001/XMLSchema-instance" xmlns:context="http://www.springframework.org/schema/context"
	xmlns:util="http://www.springframework.org/schema/util"
	xmlns:mvc="http://www.springframework.org/schema/mvc"
	xmlns:aop="http://www.springframework.org/schema/aop"
	xsi:schemaLocation="http://www.springframework.org/schema/beans http://www.springframework.org/schema/beans/spring-beans-3.0.xsd http://www.springframework.org/schema/context http://www.springframework.org/schema/context/spring-context-3.0.xsd
	http://www.springframework.org/schema/mvc http://www.springframework.org/schema/mvc/spring-mvc-3.0.xsd
	http://www.springframework.org/schema/util http://www.springframework.org/schema/util/spring-util-2.0.xsd
	http://www.springframework.org/schema/aop http://www.springframework.org/schema/aop/spring-aop-3.0.xsd">

	<import resource="classpath:/org/tiaa/icm/rest/client/icm-client-rest-ctx.xml"/>

    <context:component-scan base-package="org.tiaa.icm.client" />
    <mvc:annotation-driven />
    <aop:aspectj-autoproxy/>

    <bean id="classpathResource" class="org.springframework.core.io.ClassPathResource">
       <constructor-arg name="path" value="org/tiaa/icm/client/icm-client-rs-v1-log4j.xml"/>
    </bean>

    <bean class="org.tiaa.icm.client.provider.AppPropertiesProvider"/>

    <bean id="log4jConfig" class="org.tiaa.icm.client.bo.util.Log4JConfig" init-method="init">
        <property name="classpathResource" ref="classpathResource"/>
    </bean>

    <util:properties id="icmCryptoProps" location="file:///app//tiaaconfigs//appparams//icmCrypto.properties"/>
  	<util:properties id="encryptedConfigProps" location="file:///app//tiaaconfigs//appconfigs//casemgr//icm-config.properties"/>
  	<!-- Decrypt encrypted-entries in the config file -->
  	<bean id="scrambler" class="org.tiaa.icm.client.bo.security.Scrambler" factory-method="parse" >
    	<constructor-arg ref="icmCryptoProps"/>
  	</bean>
  	<bean id="configProps" factory-bean="scrambler" factory-method="unScramble">
    	<constructor-arg ref="encryptedConfigProps"/>
  	</bean>
  <context:property-placeholder properties-ref="configProps" order="1" ignore-unresolvable="true" />

  <util:properties id="encryptedLDAPConfigProps" location="file:///app//tiaaconfigs//appconfigs//casemgr//ldap-config.properties"/>
  <bean id="ldapConfigProps" factory-bean="scrambler" factory-method="unScramble">
    	<constructor-arg ref="encryptedLDAPConfigProps"/>
  </bean>
  <context:property-placeholder properties-ref="ldapConfigProps" order="2" ignore-unresolvable="true"/>


    <bean id="dataSourceProps" class="org.tiaa.icm.bo.lib.PropertiesUtil" factory-method="parseUrl">
	    <constructor-arg value="classpath:/org/tiaa/icm/client/jdbc-pool.properties"/>
	  </bean>

    <bean id="cmRepotingDataSourceConfig" class="org.apache.tomcat.jdbc.pool.DataSourceFactory" factory-method="parsePoolProperties">
	    <constructor-arg ref="dataSourceProps"/>
	    <property name="url" value="${url}"/>
	 	<property name="username" value="${cmreportingUserId}" />
	  	<property name="password" value="${cmreportingUserPwd}" />
	  </bean>

	  <bean id="cmRepotingDataSource" class="org.apache.tomcat.jdbc.pool.DataSource">
	    <constructor-arg ref="cmRepotingDataSourceConfig"/>
	  </bean>


    <bean id="sqlSessionFactory" class="org.mybatis.spring.SqlSessionFactoryBean">
		<property name="dataSource" ref="cmRepotingDataSource" />
		<property name="configLocation" value="classpath:/org/tiaa/icm/client/dao-mapper-config.xml" />
	</bean>
	 <bean id="relatedCasesMapper" class="org.mybatis.spring.mapper.MapperFactoryBean">
   		<property name="sqlSessionFactory" ref="sqlSessionFactory"/>
   		<property name="mapperInterface" value="org.tiaa.icm.client.mapper.RelatedCasesMapper" />
	</bean>

	<bean id="taskStepMapper" class="org.mybatis.spring.mapper.MapperFactoryBean">
		<property name="sqlSessionFactory" ref="sqlSessionFactory" />
		<property name="mapperInterface" value="org.tiaa.icm.client.mapper.TaskStepMapper" />
	</bean>

	<bean id="caseMapper" class="org.mybatis.spring.mapper.MapperFactoryBean">
		<property name="mapperInterface" value="org.tiaa.icm.client.mapper.CaseMapper"/>
		<property name="sqlSessionFactory" ref="sqlSessionFactory"/>
	</bean>

	<bean id="icmClientMapper" class="org.mybatis.spring.mapper.MapperFactoryBean">
		<property name="mapperInterface" value="org.tiaa.icm.client.mapper.ICMClientMapper"/>
		<property name="sqlSessionFactory" ref="sqlSessionFactory"/>
	</bean>

	<bean id="icmClientBean" class="org.tiaa.icm.client.bean.ICMClientBean" />

	 <bean class="org.tiaa.icm.client.cache.ICMClientCache" >
	 	<constructor-arg ref="icmClientMapper"/>
	 	<constructor-arg ref="icmClientBean"/>
	 </bean>

	 <bean id="tcfilenetDataSourceConfig" class="org.apache.tomcat.jdbc.pool.DataSourceFactory" factory-method="parsePoolProperties">
	   <constructor-arg ref="dataSourceProps"/>
	   <property name="url" value="${url}"/>
	   <property name="username" value="${tcfilenetUserId}" />
	   <property name="password" value="${tcfilenetUserPwd}" />
	</bean>

	<bean id="tcfilenetDataSource" class="org.apache.tomcat.jdbc.pool.DataSource">
	  <constructor-arg ref="tcfilenetDataSourceConfig"/>
	</bean>

    <bean id="tcfsqlSessionFactory" class="org.mybatis.spring.SqlSessionFactoryBean">
		<property name="dataSource" ref="tcfilenetDataSource" />
	</bean>

	<bean id="logMapper" class="org.mybatis.spring.mapper.MapperFactoryBean">
		<property name="mapperInterface" value="org.tiaa.icm.client.mapper.LogMapper"/>
		<property name="sqlSessionFactory" ref="tcfsqlSessionFactory"/>
	</bean>

	<bean id="filterMapper" class="org.mybatis.spring.mapper.MapperFactoryBean">
		<property name="mapperInterface" value="org.tiaa.icm.client.mapper.FilterMapper"/>
		<property name="sqlSessionFactory" ref="tcfsqlSessionFactory"/>
	</bean>


	<bean id="aReasonMapper" class="org.mybatis.spring.mapper.MapperFactoryBean">
		<property name="mapperInterface" value="org.tiaa.icm.client.infocaddy.mapper.AReasonMapper" />
		<property name="sqlSessionFactory" ref="sqlSessionFactory" />
	</bean>

	<bean id="aNigoMapper" class="org.mybatis.spring.mapper.MapperFactoryBean">
		<property name="mapperInterface" value="org.tiaa.icm.client.infocaddy.mapper.ANigoMapper" />
		<property name="sqlSessionFactory" ref="sqlSessionFactory" />
	</bean>

	<bean id="aQuestionMapper" class="org.mybatis.spring.mapper.MapperFactoryBean">
		<property name="mapperInterface" value="org.tiaa.icm.client.infocaddy.mapper.AQuestionMapper" />
		<property name="sqlSessionFactory" ref="sqlSessionFactory" />
	</bean>

	<bean id="recentCasesMapper" class="org.mybatis.spring.mapper.MapperFactoryBean">
		<property name="mapperInterface" value="org.tiaa.icm.client.infocaddy.mapper.RecentCasesMapper" />
		<property name="sqlSessionFactory" ref="sqlSessionFactory" />
	</bean>

	<bean id="repaymentDetailsMapper" class="org.mybatis.spring.mapper.MapperFactoryBean">
		<property name="mapperInterface" value="org.tiaa.icm.client.infocaddy.mapper.RepaymentDetailsMapper" />
		<property name="sqlSessionFactory" ref="sqlSessionFactory" />
	</bean>

	<bean id="omniProcessMapper" class="org.mybatis.spring.mapper.MapperFactoryBean">
		<property name="mapperInterface" value="org.tiaa.icm.client.infocaddy.mapper.OmniProcessMapper" />
		<property name="sqlSessionFactory" ref="sqlSessionFactory" />
	</bean>

	<bean id="omniTransactionsMapper" class="org.mybatis.spring.mapper.MapperFactoryBean">
		<property name="mapperInterface" value="org.tiaa.icm.client.infocaddy.mapper.OmniTransactionsMapper" />
		<property name="sqlSessionFactory" ref="sqlSessionFactory" />
	</bean>

	<bean id="fileHistoryMapper" class="org.mybatis.spring.mapper.MapperFactoryBean">
		<property name="mapperInterface" value="org.tiaa.icm.client.infocaddy.mapper.FileHistoryMapper" />
		<property name="sqlSessionFactory" ref="sqlSessionFactory" />
	</bean>


</beans>