<?xml version="1.0" encoding="UTF-8"?>
<beans xmlns="http://www.springframework.org/schema/beans" xmlns:xsi="http://www.w3.org/2001/XMLSchema-instance"
  xmlns:context="http://www.springframework.org/schema/context" xmlns:tx="http://www.springframework.org/schema/tx"
  xmlns:jee="http://www.springframework.org/schema/jee" xmlns:aop="http://www.springframework.org/schema/aop" 
  xmlns:camel="http://camel.apache.org/schema/spring"
  xsi:schemaLocation="http://www.springframework.org/schema/beans http://www.springframework.org/schema/beans/spring-beans-3.0.xsd
       http://www.springframework.org/schema/context http://www.springframework.org/schema/context/spring-context-3.0.xsd
       http://www.springframework.org/schema/tx http://www.springframework.org/schema/tx/spring-tx-3.0.xsd
       http://www.springframework.org/schema/jee http://www.springframework.org/schema/jee/spring-jee-3.0.xsd
       http://www.springframework.org/schema/aop http://www.springframework.org/schema/aop/spring-aop-3.0.xsd
	   http://camel.apache.org/schema/spring http://camel.apache.org/schema/spring/camel-spring.xsd">

  <!-- JMS listeners START -->
  <context:component-scan base-package="org.tiaa.cmf.jms" />
 <bean id="appProperties"
    class="org.springframework.beans.factory.config.PropertyPlaceholderConfigurer">
    <property name="locations">
        <list>
            <value>file:///c:/app/tiaaconfigs/globals/appconfig.properties</value>
        </list>
    </property>
</bean>
 
 
 <!--  WMQ config  -->
<bean id="jndiTemplate" class="org.springframework.jndi.JndiTemplate">
    <property name="environment">
      <props>
        <prop key="java.naming.factory.initial">
            com.sun.jndi.fscontext.RefFSContextFactory
        </prop>
        <prop key="java.naming.provider.url">
            file:///C:/app/mqbinding
        </prop>
      </props>
    </property>
  </bean> 
  
	<!-- JMS Queue Connection Factory -->
	<bean id="wmqQCF" class="org.springframework.jndi.JndiObjectFactoryBean">
		<property name="jndiTemplate">
			<ref bean="jndiTemplate"/>
		</property>
		<property name="jndiName">
			<value>${jms.qcf.publisher}</value>
		</property>
	</bean>
	
  <!-- Pooled Spring connection factory for WMQ -->
  <bean id="wmqCachingQCF"
    class="org.springframework.jms.connection.CachingConnectionFactory">
    <property name="targetConnectionFactory" ref="wmqQCF" />
  </bean>
	
  <!-- MQ JMS publisher -->
 <!-- A destination in WMQ --> 
	<bean id="esbISVOmni" 
    	class="com.ibm.mq.jms.MQQueue">
		<constructor-arg value="APPL.BPEL.DELEGATE.10G.QUEUE" />
	</bean>
  <!-- A JmsTemplate instance that uses the cached connection and destination --> 

<bean id="isvPublishTemplate" 
    class="org.springframework.jms.core.JmsTemplate">
    	<property name="connectionFactory" ref="wmqCachingQCF" />
		<property name="defaultDestination" ref="esbISVOmni" />
 </bean>
  
  

</beans>