{
	"$schema": "http://json-schema.org/schema#",
	"type": "object",
	"properties":
	{
		"id":
		{
			"type": "string"
		},
		"idtype":
		{
			"type": "string",
			"enum":
			[
				"DRI",
				"Voice"
			]
		},
		"mimeType":
		{
			"type": "string"
		},
		"documentName":
		{
			"type": "string"
		},
		"businessUnit":
		{
			"type": "string"
		},
		"docCode":
		{
			"type": "string"
		},
		"version":
		{
			"type": "string"
		},
		"folder":
		{
			"type": "string"
		},
		"formatType":
		{
			"type": "string",
			"enum":
			[
				"Document",
				"MobiusEmail"
			]
		}
		},
		"docInstanceId":
		{
			"type": "string"
		},
	"required":
	[
		"id",
		"idType",
		"mimeType",
		"documentName",
		"businessUnit",
		"docCode",
		"version",
		"docInstanceId"
	]
}