{
	"$schema": "http://json-schema.org/schema#",
	"type": "object",
	"properties":
	{
		"type": "object",
			"properties":
			{
				"caseId":
				{
					"type": "string"
				},

				"taskId":
				{
					"type": "string"
				},

				"wobId":
				{
					"type": "string"
				},

				"action":
				{
					"type": "array",
					"items":
					{
						"type": "string"
					}
				},

				"locked":
				{
					"type": "boolean"
				},

				"lockedby":
				{
					"type": "string"
				},

				"fields":
				{
					"type": "array",
					"items":
					{
						"type": "object",
						"properties":
						{
							"name":
							{
								"type": "string"
							},

							"id":
							{
								"type": "string"
							},

							"mode":
							{
								"type": "string",
								"enum":
								[
									"Read",
									"Write",
									"Read/Write"
								]
							},

							"type":
							{
								"type": "string",
								"enum":
								[
									"String",
									"String[]",
									"Integer",
									"Integer[]",
									"Boolean",
									"Boolean[]",
									"Time",
									"Time[]",
									"Float",
									"Float[]"
								]
							},

							"value":
							{
								"type": "array",
								"items":
								{
									"type": "string"
								}
							}
						}
					}
				}
			},

			"required":
			[
				"caseId",
				"taskId",
				"wobId",
				"action",
				"fields"
			]
		}
}
