{
	"$schema": "http://json-schema.org/schema#",
	"type": "object",
	"properties":
	{
		"start":
		{
			"type": "integer"
		},

		"end":
		{
			"type": "integer"
		},

		"totalRecords":
		{
			"type": "integer"
		},

		"error":
		{
			"type": "string"
		},

		"results":
		{
			"type": "array",
			"items":
			{
				"type": "object",
				"properties":
				{
					"column":
					{
						"type": "array",
						"items":
						{
							"type": "array"
						}
					},

					"steps":
					{
						"type": "array",
						"items":
						{
							"type": "object",
							"properties":
							{
								"caseId":
								{
									"type": "string"
								},

								"taskId":
								{
									"type": "string"
								},

								"wobId":
								{
									"type": "string"
								},

								"action":
								{
									"type": "array",
									"items":
									{
										"type": "string"
									}
								},

								"locked":
								{
									"type": "boolean"
								},

								"lockedby":
								{
									"type": "string"
								},

								"headerFields":
								{
									"type": "array",
									"items":
									{
										"type": "object",
										"properties":
										{
											"name":
											{
												"type": "string"
											},

											"value":
											{
												"type": "string"
											}
										}
									}
								}
							}
						}
					}
				}
			}
		}
	}
}