{
	"$schema": "http://json-schema.org/schema#",
	"type": "object",
	"properties":
	{
		"start":
		{
			"type": "integer"
		},

		"end":
		{
			"type": "integer"
		},

		"totalRecords":
		{
			"type": "integer"
		},
		"results":
		{
			"type": "array",
			"items":
			{
				"type": "object",
				"properties":
				{
					"id":
					{
						"type": "string"
					},

					"type":
					{
						"type": "string"
					},

					"channel":
					{
						"type": "string"
					},

					"createdDate":
					{
						"type": "string"
					},

					"status":
					{
						"type": "string"
					},

					"modifiedDate":
					{
						"type": "string"
					},
					"pathName":
					{
						"type": "string"
					},
					"additionalIdentifiers":
					{
						"type": "object"
					}
				},

				"required":
				[
					"id",
					"type",
					"channel",
					"createdDate",
					"status",
					"additionalIdentifiers"
				]
			}
		}
	}
}