{
	"$schema": "http://json-schema.org/schema#",
	"type": "object",
	"properties":
	{
		"confirmation":
		{
			"type": "string"
		},

		"pins":
		{
			"type": "array",
			 "items":
			 	{
			 		"type": "string",
			 		"maxlength": 6
			 	}
		},

		"clientId":
		{
			"type": "string"
		},

		"dateRange":
		{
			"type": "object",
			"properties":
			{
				"type":
				{
					"type": "string",
					"enum":
					[
						"Created",
						"Modified",
						"Received"
					]
				},

				"from":
				{
					"type": "string"
				},

				"to":
				{
					"type": "string"
				}
			},

			"required":
			[
				"type",
				"from",
				"to"
			]
		},

		"caseType":
		{
			"type": "string"
		},

		"channel":
		{
			"type": "string"
		},

		"ssns":
		{
			"type": "array",
			 "items":
			 	{
			 		"type": "string",
			 		"maxlength": 11
			 	}
		},

		"caseStatus":
		{
			"type": "string"
		}
	}
}