{
	"$schema": "http://json-schema.org/schema#",
	"type": "object",
	"properties":
	{
		"start":
		{
			"type": "integer"
		},

		"end":
		{
			"type": "integer"
		},

		"totalRecords":
		{
			"type": "integer"
		},
		"results":
		{
			"type": "array",
			"items":
			{
				"type": "object",
				"properties":
				{
					"comment":
					{
						"type": "string"
					},
					"type":
					{
						"type": "string",
						"enum":
						[
							"Case",
							"Task",
							"Step"
						]
					},

					"createdBy":
					{
						"type": "string"
					},

					"description":
					{
						"type": "string"
					},

					"createdOn":
					{
						"type": "string"
					}
				},
				"required":
				[
					"comment",
					"type",
					"createdBy",
					"description",
					"createdOn"
				]
			}
		}
	}
}