{
	"$schema": "http://json-schema.org/schema#",
	"type": "object",
	"properties":
	{
		"start":
		{
			"type": "integer"
		},

		"end":
		{
			"type": "integer"
		},

		"totalRecords":
		{
			"type": "integer"
		},
		"results":
		{
			"type": "array",
			"items":
			{
				"type": "object",
				"properties":
				{
				"id":
					{
						"type": "string"
					},

					"idtype":
					{
						"type": "string",
						"enum":
						[
							"DRI",
							"MessageId",
							"Object_Id"
						]
					},
					"mimeType":
					{
						"type": "string"
					},
					"documentName":
					{
						"type": "string"
					},
					"business_unit":
					{
						"type": "string"
					},
					"doc_code":
					{
						"type": "string"
					},
					"version":
					{
						"type": "string"
					},
					"docUrl":
					{
						"type": "string"
					},
					"folder":
					{
						"type": "string"
					},
					"formatType":
					{
						"type": "string",
						"enum":
						[
							"Document",
							"MobiusEmail"
						]
						}
					},
					"docInstanceId":
					{
						"type": "string"
					},
				"required":
				[
					"id",
					"idType",
					"mimeType",
					"docName",
					"businessUnit",
					"docCode",
					"version",
					"docInstanceId",
					"docUrl"
				]
			}
		}
	}
}