{
	"$schema": "http://json-schema.org/schema#",
	"type": "object",
	"properties":
	{
		"start":
		{
			"type": "integer"
		},

		"end":
		{
			"type": "integer"
		},

		"totalRecords":
		{
			"type": "integer"
		},
		"results":
		{
			"type": "array",
			"items":
			{
				"type": "object",
				"properties":
				{
					"title":
					{
						"type": "string"
					},

					"description":
					{
						"type": "string"
					},

					"type":
					{
						"type": "string",
						"enum":
						[
							"Comment",
							"Folder",
							"Task",
							"Document"
						]
					},

					"createdOn":
					{
						"type": "string"
					},

					"createdBy":
					{
						"type": "string"
					}
				},

				"required":
				[
					"title",
					"description",
					"type",
					"createdOn",
					"createdBy"
				]
			}
		}
	}
}