{
	"$schema": "http://json-schema.org/schema#",
	"type": "object",
	"properties":
	{
		"start":
		{
			"type": "integer"
		},

		"end":
		{
			"type": "integer"
		},

		"totalRecords":
		{
			"type": "integer"
		},
		"results":
		{
			"type": "array",
			"items":
			{
				"type": "object",
				"properties":
				{
					"id":
					{
						"type": "string"
					},

					"type":
					{
						"type": "string",
						"enum":
						[
							"Human",
							"System"
						]
					},
					"name":
					{
						"type": "string"
					},
					"statuses":
					{
						"type": "array",
						"properties":
							{
								"status":
								{
									"type": "string"
								},
								"statusOn":
								{
									"type": "string"
								},
								"statusBy":
								{
									"type": "string"
								}
							}
					},
					"completedAction":
					{
						"type": "string"
					},
				"required":
				[
					"id",
					"type",
					"name",
					"statuses"
				]
				}
			}
		}
	}
}