<?xml version="1.0" encoding="UTF-8"?>
<configuration>
	<contextListener class="ch.qos.logback.classic.jul.LevelChangePropagator">
		<resetJUL>true</resetJUL>
	</contextListener>
	
	<property 	name="prodPattern"
				value="dt:%date{ISO8601} th:[%thread] lv:%-5level lg:%logger app:%X{appName} host:%X{host}  dcId:%X{atom.data-center-id} envId:%X{atom.env-id} url:%X{url} reqId:%X{X-INF-RequestID} jsess:%X{jsessionId} secSessId:%X{ X-INF-SecureSessionID} - %msg%n" />
	
	<property 	name="simplePattern"
				value="%d{HH:mm:ss.SSS} %-5level %logger{26} - %msg%n" />
	
	<appender name="dailyFile" class="ch.qos.logback.core.rolling.RollingFileAppender">
		<file>logs/log4j/${app.logfileName}.log</file>
		<rollingPolicy class="ch.qos.logback.core.rolling.TimeBasedRollingPolicy">
			<fileNamePattern>logs/log4j/${app.logfileName}-%d{yyyy-MM-dd}.log</fileNamePattern>
		</rollingPolicy>
		<encoder>
			<pattern>${prodPattern}</pattern>
		</encoder>
	</appender>
	
	<appender name="console" class="ch.qos.logback.core.ConsoleAppender">
		<encoder>
			<pattern>${simplePattern}</pattern>
		</encoder>
	</appender>
  	
    <logger name="org.apache.commons.httpclient" level="ERROR"/>
    <logger name="httpclient.wire" level="ERROR"/>
    <logger name="org.springframework" level="ERROR"/>
    <logger name="org.tiaa.atom" level="ERROR"/>   
 	<logger name="org.tiaa.case_management_rs" level="ERROR"/>
 	<logger name="org.hibernate.tool.hbm2ddl.SchemaExport" level="ERROR"/>
 	<logger name="org.hibernate.SQL" level="ERROR">
 		<appender-ref ref="dailyFile" />
 	</logger>

	<root level="ERROR">
		<appender-ref ref="dailyFile" />
	</root>
</configuration>