<?xml version="1.0" encoding="UTF-8"?>
<!DOCTYPE configuration PUBLIC "-//mybatis.org//DTD Config 3.0//EN" "http://mybatis.org/dtd/mybatis-3-config.dtd">
<configuration>
	<typeAliases>
		<typeAlias type="org.tiaa.icm.client.domain.RelatedCase" alias="RelatedCase"/>
		<typeAlias type="org.tiaa.icm.client.infocaddy.domain.AReason" alias="aReason"/>
		<typeAlias type="org.tiaa.icm.client.infocaddy.domain.ANigo" alias="aNigo"/>
		<typeAlias type="org.tiaa.icm.client.infocaddy.domain.AQuestion" alias="aQuestion"/>
		<typeAlias type="org.tiaa.icm.client.infocaddy.domain.RecentCases" alias="recentCases"/>
		<typeAlias type="org.tiaa.icm.client.infocaddy.domain.RepaymentDetails" alias="repaymentDetails"/>
		<typeAlias type="org.tiaa.icm.client.infocaddy.domain.AOmniProcess" alias="aOmniProcess"/>
		<typeAlias type="org.tiaa.icm.client.infocaddy.domain.AOmniTransactions" alias="aOmniTransactions"/>
		<typeAlias type="org.tiaa.icm.client.infocaddy.domain.FileHistory" alias="fileHistory"/>
	</typeAliases>
    <mappers>
        <mapper resource="org/tiaa/icm/client/dao-mappers/RelatedCasesMapper.xml" />
        <mapper resource="org/tiaa/icm/client/dao-mappers/TaskStepMapper.xml" />
        <mapper resource="org/tiaa/icm/client/dao-mappers/AReasonMapper.xml" />
        <mapper resource="org/tiaa/icm/client/dao-mappers/ANigoMapper.xml" />
        <mapper resource="org/tiaa/icm/client/dao-mappers/AQuestionsMapper.xml" />
        <mapper resource="org/tiaa/icm/client/dao-mappers/RecentCasesMapper.xml" />
        <mapper resource="org/tiaa/icm/client/dao-mappers/RepaymentDetailsMapper.xml" />
        <mapper resource="org/tiaa/icm/client/dao-mappers/AOmniProcessMapper.xml" />
        <mapper resource="org/tiaa/icm/client/dao-mappers/DIdentifierMapper.xml" />
        <mapper resource="org/tiaa/icm/client/dao-mappers/AOmniTransactionsMapper.xml" />
    </mappers>
</configuration>