<?xml version="1.0" encoding="UTF-8" ?>
<!DOCTYPE log4j:configuration SYSTEM "log4j.dtd">

<log4j:configuration>

  <appender name="console" class="org.apache.log4j.ConsoleAppender">
    <layout class="org.apache.log4j.PatternLayout">
       <param name="ConversionPattern" value="%d %p [%t] (%F:%L) - %m%n"/>
    </layout>
  </appender>

  <appender name="file" class="org.apache.log4j.RollingFileAppender">
    <param name="file" value="/logs/tiaalogs/cmtsrsv1/cmts-rs-v1.log"/>
    <param name="MaxFileSize" value="10240KB"/>
    <param name="MaxBackupIndex" value="10"/>
    <layout class="org.apache.log4j.PatternLayout">
      <param name="ConversionPattern" value="%d %p [%t] (%F:%L) - %m%n"/>
    </layout>
  </appender>

  <logger name="org.tiaa.cmts_rs" additivity="false">
    <level value="INFO"/>
    <appender-ref ref="console"/>
    <appender-ref ref="file"/>
  </logger>

 <logger name="org.springframework" additivity="false">
    <level value="ERROR"/>
    <appender-ref ref="console"/>
    <appender-ref ref="file"/>
  </logger>

  <root>
    <priority value ="error" />
    <appender-ref ref="console" />
    <appender-ref ref="file" />
  </root>

</log4j:configuration>