{
	"solutionIdentifier" : "AT_Asset Transfer Operations",
	"inbasketHeaders":
	[
		{
			"type": "Unassigned",
			"headers":
			{
				"ConfirmationNumber":
				{
					"displayName": "Confirmation #",
					"type": "String"

				},

				"CaseType":
				{
					"displayName": "Case Type",
					"type": "String"

				},

				"RegistrationType":
				{
					"displayName": "Registration Type",
					"type": "String"

				},
				"ProductType":
				{
					"displayName": "Product Type",
					"type": "String"

				},

				"Channel":
				{
					"displayName": "Channel",
					"type": "String"

				},

				"InstitutionName":
				{
					"displayName": "Institution Name",
					"type": "String"

				},

				"StepName":
				{
					"displayName": "Step Name",
					"type": "String"

				},
				"PIN":
				{
					"displayName": "PIN",
					"type": "String"

				},

				"PrimaryAccountHolderName":
				{
					"displayName": "Account Holder Name",
					"type": "String"

				},
				"ReceivedDate":
				{
					"displayName": "Received Date(ET)",
					"type": "Date"

				},

				"Priority":
				{
					"displayName": "Priority",
					"type": "String"

				},
				"AccountNumber":
				{
					"displayName": "Account #",
					"type": "String"

				},
				"ContractNumber":
				{
					"displayName": "Contract Number",
					"type": "String"

				}

			}
		},

		{
			"type": "Pended",
			"headers":
			{
				"ConfirmationNumber":
				{
					"displayName": "Confirmation #",
					"type": "String"

				},

				"CaseType":
				{
					"displayName": "Case Type",
					"type": "String"

				},

				"RegistrationType":
				{
					"displayName": "Registration Type",
					"type": "String"

				},
				"ProductType":
				{
					"displayName": "Product Type",
					"type": "String"

				},

				"Channel":
				{
					"displayName": "Channel",
					"type": "String"

				},

				"InstitutionName":
				{
					"displayName": "Institution Name",
					"type": "String"

				},

				"StepName":
				{
					"displayName": "Step Name",
					"type": "String"

				},
				"PIN":
				{
					"displayName": "PIN",
					"type": "String"

				},

				"PrimaryAccountHolderName":
				{
					"displayName": "Account Holder Name",
					"type": "String"

				},
				"ReceivedDate":
				{
					"displayName": "Received Date(ET)",
					"type": "Date"

				},

				"Priority":
				{
					"displayName": "Priority",
					"type": "String"

				},
				"AccountNumber":
				{
					"displayName": "Account #",
					"type": "String"

				},
				"ContractNumber":
				{
					"displayName": "Contract Number",
					"type": "String"

				},
				"WakeDateTimeET":
				{
					"displayName": "Wake Date/Time(ET)",
					"type": "Date"

				},
				"SuspendedBy":
				{
					"displayName": "Suspended By",
					"type": "String"

				}

			}
		},

		{
			"type": "AllAssigned",
			"headers":
			{
			"ConfirmationNumber":
				{
					"displayName": "Confirmation #",
					"type": "String"

				},

				"CaseType":
				{
					"displayName": "Case Type",
					"type": "String"

				},

				"RegistrationType":
				{
					"displayName": "Registration Type",
					"type": "String"

				},
				"ProductType":
				{
					"displayName": "Product Type",
					"type": "String"

				},

				"StepName":
				{
					"displayName": "Step Name",
					"type": "String"

				},
				"PIN":
				{
					"displayName": "PIN",
					"type": "String"

				},

				"PrimaryAccountHolderName":
				{
					"displayName": "Account Holder Name",
					"type": "String"

				},
				"ReceivedDate":
				{
					"displayName": "Received Date(ET)",
					"type": "Date"

				},

				"Priority":
				{
					"displayName": "Priority",
					"type": "String"

				},
				"AccountNumber":
				{
					"displayName": "Account #",
					"type": "String"

				},
				"ContractNumber":
				{
					"displayName": "Contract Number",
					"type": "String"

				},


				"F_BoundUser":
				{
					"displayName": "Assigned To",
					"type": "String"

				}

			}
		}
	],
	"roles":
	[
		{
			"name": "RST Processor Direct/Rollover-In ISIRA",
			"groups":
			[
				"AP_CM_PROFILE_ROLLOVERIN_ISIRA",
				"AP_CM_ROLE_RST_DIRECT_PROCESSOR"
			]
		},

		{
			"name": "RST Processor/Rollover - In",
			"groups":
			[
				"AP_CM_PROFILE_ROLLOVER_IN",
				"AP_CM_ROLE_RST_PROCESSOR"
			]
		},

		{
			"name": "RST Processor/New Accounts - SD",
			"groups":
			[
				"AP_CM_PROFILE_BRK_NEWACCTS_SD",
				"AP_CM_ROLE_RST_PROCESSOR"
			]
		},

		{
			"name": "RST Processor/New Accounts - Managed",
			"groups":
			[
				"AP_CM_PROFILE_BRK_NEWACCTS_PA",
				"AP_CM_ROLE_RST_PROCESSOR"
			]
		},

		{
			"name": "TSS Processor/ Transfers",
			"groups":
			[
				"AP_CM_PROFILE_ISIRA_TRANSFERS",
				"AP_CM_ROLE_TSS_PROCESSOR"
			]
		},

		{
			"name": "Queue Manager - RST",
			"groups":
			[
				"AP_CM_ROLE_RST_QUEUE_MGR"
			]
		},

		{
			"name": "Queue Manager - RST Direct",
			"groups":
			[
				"AP_CM_ROLE_RST_DIRECT_QUEUE_MGR"
			]
		}

	],

	"filters":
	{
		"RST Processor Direct/Rollover-In ISIRA":
		[
			{
				"@type": "unassigned",
				"queues": ["AT_Processor"],
				"filters": "StepStatus <> 'Pended' and CaseType='ISIRA Account Funding' and ( StepName = 'Resume Request'   or  StepName = 'Follow-up Forms' or StepName = 'Resolve NIGO' or StepName = 'Attribute Credit')"
			},

			{
				"@type": "pended",
				"queue": ["AT_Processor"],
				"filters": "StepStatus = 'Pended' and CaseType='ISIRA Account Funding' and ( StepName = 'Resume Request'   or  StepName = 'Follow-up Forms' or StepName = 'Resolve NIGO' or StepName = 'Attribute Credit')"
			}
		],

		"RST Processor/Rollover - In":
		[
			{
				"@type": "unassigned",
				"queues": ["AT_Processor"],
				"filters": "StepStatus <> 'Pended' and (CaseType='SD Account Funding' or  CaseType='Managed Account Funding' ) and ( StepName = 'Resume Request'  or StepName =  'Follow-up Alternate Carrier' or  StepName = 'Follow-up Forms' or StepName = 'Resolve NIGO'  or StepName = 'Attribute Credit')"
			},

			{
				"@type": "pended",
				"queue": ["AT_Processor"],
				"filters": "StepStatus = 'Pended' and (CaseType='SD Account Funding' or  CaseType='Managed Account Funding' ) and ( StepName = 'Resume Request'  or StepName =  'Follow-up Alternate Carrier' or  StepName = 'Follow-up Forms' or StepName = 'Resolve NIGO'  or StepName = 'Attribute Credit')"
			}
		],

		"RST Processor/New Accounts - SD":
		[
			{
				"@type": "unassigned",
				"queues": ["AT_Processor"],
			   "filters": "StepStatus <> 'Pended' and (CaseType='SD Account Opening' or CaseType='IRA Window Account Opening' or CaseType='Pension Window Account Opening' )"
			},

			{
				"@type": "pended",
				"queue": ["AT_Processor"],
				"filters": "StepStatus = 'Pended' and (CaseType='SD Account Opening' or CaseType='IRA Window Account Opening' or CaseType='Pension Window Account Opening' )"
			}
		],

		"RST Processor/New Accounts - Managed":
		[
			{
				"@type": "unassigned",
				"queues": ["AT_Processor"],
				"filters": "StepStatus <> 'Pended' and ( CaseType='Managed Account Opening' or CaseType='Direct Managed Account Opening')"
			},

			{
				"@type": "pended",
				"queue": ["AT_Processor"],
				"filters": "StepStatus = 'Pended' and ( CaseType='Managed Account Opening' or CaseType='Direct Managed Account Opening')"
			}
		],

		"TSS Processor/ Transfers":
		[
			{
				"@type": "unassigned",
				"queues": ["AT_Processor"],
				"filters": "StepStatus <> 'Pended' and ( CaseType='ISIRA Account Funding'  or CaseType='SD Account Funding' or ( CaseType='One IRA Account Funding' and  StepName <> 'Prep Forms Package' and (StepName='Follow-up Alternate Carrier' and UserRole='TSS' or StepName='Review Forms')))"
			},

			{
				"@type": "pended",
				"queue": ["AT_Processor"],
				"filters": "StepStatus = 'Pended' and ( CaseType='ISIRA Account Funding'  or CaseType='SD Account Funding' or ( CaseType='One IRA Account Funding' and  StepName <> 'Prep Forms Package' and (StepName='Follow-up Alternate Carrier' and UserRole='TSS' or StepName='Review Forms')))"
			}
		],

		"Queue Manager - RST":
		[
			{
				"@type": "unassigned",
				"queues":
				[
					"AT_Processor"
				],

				"filters": "StepStatus <> 'Pended' and (CaseType='SD Account Opening' or  CaseType='Managed Account Opening' or CaseType='IRA Window Account Opening' or CaseType='Pension Window Account Opening' or CaseType='Direct Managed Account Opening'  or CaseType = 'Account Fund Tracking')"
			},

			{
				"@type": "pended",
				"queues":
				[
					"AT_Processor"
				],

				"filters": "StepStatus = 'Pended' and (CaseType='SD Account Opening' or  CaseType='Managed Account Opening' or CaseType='IRA Window Account Opening' or CaseType='Pension Window Account Opening' or CaseType='Direct Managed Account Opening'  or CaseType = 'Account Fund Tracking')"
			}
		],

		"Queue Manager - RST Direct":
		[
			{
				"@type": "unassigned",
				"queues":
				[
					"AT_Processor"
				],

				"filters": "StepStatus <> 'Pended' and (CaseType='SD Account Funding' or  CaseType='Managed Account Funding' or CaseType='ISIRA Account Funding' or CaseType='One IRA Account Funding')"
			},

			{
				"@type": "pended",
				"queues":
				[
					"AT_Processor"
				],

				"filters": "StepStatus = 'Pended' and (CaseType='SD Account Funding' or  CaseType='Managed Account Funding' or CaseType='ISIRA Account Funding' or CaseType='One IRA Account Funding')"
			}
		]
	}
}