{
	"solutionIdentifier" : "BK_Bank Operations",
	"inbasketHeaders":
	[
		{
			"type": "Unassigned",
			"headers":
			{
				"TransactionID":
				{
					"displayName": "Transaction ID",
					"type": "String"

				},

				"CaseType":
				{
					"displayName": "Case Type",
					"type": "String"

				},

				"BK_SourceSystem":
				{
					"displayName": "Source System",
					"type": "String"

				},

				"BK_TransactionType":
				{
					"displayName": "Transaction Type",
					"type": "String"

				},

				"CIFNumber":
				{
					"displayName": "CIF #",
					"type": "String"

				},

				"BK_BankAccountHolderName":
				{
					"displayName": "Account Holder",
					"type": "String"

				},

				"BK_BankAccountNumber":
				{
					"displayName": "Bank Account #",
					"type": "String"

				},


				"NetAmount":
				{
					"displayName": "Net Amount",
					"type": "String"

				},

				"BK_BankValidationResponseDescription":
				{
					"displayName": "Bank Validation Response Description",
					"type": "String"

				},
				"BK_BankValidationResponseDateTime":
				{
					"displayName": "Bank Validation Response Date/Time",
					"type": "Date"

				},
				"PaymentNumber":
				{
					"displayName": "Payment #",
					"type": "String"

				},
				"PaymentDate":
				{
					"displayName": "Payment Date",
					"type": "Date"

				},
				"GrossAmount":
				{
					"displayName": "Gross Amount",
					"type": "String"

				},
				"PIN":
				{
					"displayName": "PIN",
					"type": "String"

				},
				"ParticipantName":
				{
					"displayName": "Participant Name",
					"type": "String"

				},
				"PlanNumber":
				{
					"displayName": "Plan #",
					"type": "String"

				},
				"StepDueDate":
				{
					"displayName": "Due Date",
					"type": "Date"

				},
				"ClientName":
				{
					"displayName": "Client Name",
					"type": "String"

				},
				"AccountNumber":
				{
					"displayName": "Account #",
					"type": "String"

				},
				"BankPostResponseDescription":
				{
					"displayName": "Bank Post Response Description",
					"type": "String"

				},

				"BankPostResponseDateTime":
				{
					"displayName": "Bank Post Response date/time",
					"type": "Date"

				},
				"BK_SourceBankAccountHolderName":
				{
					"displayName": "Source Account Holder",
					"type": "String"

				}
			}
		},

		{
			"type": "AllAssigned",
			"headers":
			{
				"TransactionID":
				{
					"displayName": "Transaction ID",
					"type": "String"
				},

				"CaseType":
				{
					"displayName": "Case Type",
					"type": "String"

				},

				"BK_SourceSystem":
				{
					"displayName": "Source System",
					"type": "String"

				},

				"BK_TransactionType":
				{
					"displayName": "Transaction Type",
					"type": "String"

				},

				"CIFNumber":
				{
					"displayName": "CIF #",
					"type": "String"

				},

				"BK_BankAccountHolderName":
				{
					"displayName": "Account Holder",
					"type": "String"

				},

				"BK_BankAccountNumber":
				{
					"displayName": "Bank Account #",
					"type": "String"

				},


				"NetAmount":
				{
					"displayName": "Net Amount",
					"type": "String"

				},

				"BK_BankValidationResponseDescription":
				{
					"displayName": "Bank Validation Response Description",
					"type": "String"

				},
				"BK_BankValidationResponseDateTime":
				{
					"displayName": "Bank Validation Response Date/Time",
					"type": "Date"

				},
				"PaymentNumber":
				{
					"displayName": "Payment #",
					"type": "String"

				},
				"PaymentDate":
				{
					"displayName": "Payment Date",
					"type": "Date"

				},
				"GrossAmount":
				{
					"displayName": "Gross Amount",
					"type": "String"

				},
				"PIN":
				{
					"displayName": "PIN",
					"type": "String"

				},
				"ParticipantName":
				{
					"displayName": "Participant Name",
					"type": "String"

				},
				"PlanNumber":
				{
					"displayName": "Plan #",
					"type": "String"

				},
				"StepDueDate":
				{
					"displayName": "Due Date",
					"type": "Date"

				},
				"ClientName":
				{
					"displayName": "Client Name",
					"type": "String"

				},
				"AccountNumber":
				{
					"displayName": "Account #",
					"type": "String"

				},
				"BankPostResponseDescription":
				{
					"displayName": "Bank Post Response Description",
					"type": "String"

				},

				"BankPostResponseDateTime":
				{
					"displayName": "Bank Post Response date/time",
					"type": "Date"

				},
				"BK_SourceBankAccountHolderName":
				{
					"displayName": "Source Account Holder",
					"type": "String"

				},

				"F_BoundUser":
				{
					"displayName": "Assigned To",
					"type": "String"

				}

			}
		}
	],
	"roles":
	[
		{
			"name": "Bank Processor",
			"groups":
			[
				"AP_CM_OPS_PROCESSOR_BANK"
			]
		},

		{
			"name": "Pension Processor",
			"groups":
			[
				"AP_CM_OPS_PROCESSOR_REVERSAL"
			]
		},
		{
			"name": "Omni Processor",
			"groups":
			[
				"AP_CM_OPS_OMNI_PROCESSOR_REVERSAL"
			]
		},
		{
			"name": "Queue Manager - Bank",
			"groups":
			[
				"AP_CM_BUS_OPS_BANK_MANAGER"
			]
		},

		{
			"name": "Queue Manager - Pension",
			"groups":
			[
				"AP_CM_ROLE_OPS_MANAGER"
			]
		},


		{
			"name": "Queue Manager - Omni",
			"groups":
			[
				"AP_CM_ROLE_OMNI_OPS_MANAGER"
			]
		}

	],

"filters":
	{
		"Bank Processor":
		[
			{
				"@type": "unassigned",
				"queues": ["BK_Processor"],
				"filters": "(StepType = 'Resolve Bank Post Reject' and CaseType='Fund Transfer') OR (StepType='Resolve Bank Validation Reject' and CaseType='RSA Fund Settlement')"

			}

		],

		"Pension Processor":
		[
			{
				"@type": "unassigned",
				"queues": ["BK_Processor"],
				"filters": "StepType='Resolve Bank Transfer Reject' and CaseType='Fund Transfer'"
			}
		],
		"Omni Processor":
		[
			{
				"@type": "unassigned",
				"queues": ["BK_Processor"],
				"filters": "StepType ='Resolve Bank Transfer Reject' and CaseType='RSA Fund Settlement'"
			}
		],

		"Queue Manager - Bank":
		[
			{
				"@type": "unassigned",
				"queues": ["BK_Processor"],
				"filters": "(StepType = 'Resolve Bank Post Reject' and CaseType='Fund Transfer') OR (StepType='Resolve Bank Validation Reject' and CaseType='RSA Fund Settlement')"
			}
		],


		"Queue Manager - Pension":
		[
			{
				"@type": "unassigned",
				"queues": ["BK_Processor"],
				"filters": "StepType='Resolve Bank Transfer Reject' and CaseType='Fund Transfer'"
			}
		],

		"Queue Manager - Omni":
		[
			{
				"@type": "unassigned",
				"queues": ["BK_Processor"],
				"filters": "StepType ='Resolve Bank Transfer Reject' and CaseType='RSA Fund Settlement'"
			}
		]


	}

}