{
	"solutionIdentifier":"BO_Brokerage Operations",
	"inbasketHeaders":
	[
		{
			"type": "Unassigned",
			"headers":
			{
				"ConfirmationNumber":
				{
					"displayName": "Confirmation #",
					"type": "String"

				},

				"CaseType":
				{
					"displayName": "Case Type",
					"type": "String"

				},

				"BO_BrokerageRegistrationType":
				{
					"displayName": "Registration Type",
					"type": "String"

				},

				"F_StepName":
				{
					"displayName": "Step Name",
					"type": "String"

				},

				"PIN":
				{
					"displayName": "PIN",
					"type": "String"

				},

				"OPSChannel":
				{
					"displayName": "Channel",
					"type": "String"

				},

				"F_CreateTime":
				{
					"displayName": "Step Creation Date",
					"type": "Date"

				},

				"ReceivedDate":
				{
					"displayName": "Received Date(ET)",
					"type": "Date"

				},


				"Priority":
				{
					"displayName": "Priority",
					"type": "String"

				},

				"BO_BrokerageAccountNumber":
				{
					"displayName": "Account #",
					"type": "String"

				},
				"Profile":
				{
					"displayName": "Case Profile",
					"type": "String"

				}

			}
		},

		{
			"type": "Pended",
			"headers":
			{
				"ConfirmationNumber":
				{
					"displayName": "Confirmation #",
					"type": "String"

				},

				"CaseType":
				{
					"displayName": "Case Type",
					"type": "String"

				},
				"BO_BrokerageRegistrationType":
				{
					"displayName": "Registration Type",
					"type": "String"

				},
				"F_StepName":
				{
					"displayName": "Step Name",
					"type": "String"

				},

				"PIN":
				{
					"displayName": "PIN",
					"type": "String"

				},

				"OPSChannel":
				{
					"displayName": "Channel",
					"type": "String"

				},

				"F_CreateTime":
				{
					"displayName": "Step Creation Date",
					"type": "Date"

				},

				"ReceivedDate":
				{
					"displayName": "Received Date(ET)",
					"type": "Date"

				},
				"WakeDateTimeET":
				{
					"displayName": "Wake Date/Time(ET)",
					"type": "Date"

				},

				"Priority":
				{
					"displayName": "Priority",
					"type": "String"

				},
				"BO_BrokerageAccountNumber":
				{
					"displayName": "Account #",
					"type": "String"

				},
				"SuspendedBy":
				{
					"displayName": "Suspended By",
					"type": "String"

				},
				"Profile":
				{
					"displayName": "Case Profile",
					"type": "String"

				}


			}
		},

		{
			"type": "AllAssigned",
			"headers":
			{
				"ConfirmationNumber":
				{
					"displayName": "Confirmation #",
					"type": "String"

				},

				"CaseType":
				{
					"displayName": "Case Type",
					"type": "String"

				},
				"BO_BrokerageRegistrationType":
				{
					"displayName": "Registration Type",
					"type": "String"

				},
				"F_StepName":
				{
					"displayName": "Step Name",
					"type": "String"

				},

				"PIN":
				{
					"displayName": "PIN",
					"type": "String"

				},

				"OPSChannel":
				{
					"displayName": "Channel",
					"type": "String"

				},

				"F_CreateTime":
				{
					"displayName": "Step Creation Date",
					"type": "Date"

				},

				"ReceivedDate":
				{
					"displayName": "Received Date(ET)",
					"type": "Date"

				},


				"Priority":
				{
					"displayName": "Priority",
					"type": "String"

				},
				"BO_BrokerageAccountNumber":
				{
					"displayName": "Account #",
					"type": "String"

				},
				"F_BoundUser":
				{
					"displayName": "Assigned To",
					"type": "String"

				},
				"Profile":
				{
					"displayName": "Case Profile",
					"type": "String"

				}
			}
		}
	],
	"roles":
	[
		{
			"name": "Processor New Accounts - SD",
			"groups":
			[
				"AP_CM_PROFILE_BRK_NEWACCTS_SD",
				"AP_CM_ROLE_BRK_PROCESSOR"
			]
		},

		{
			"name": "Processor New Accounts - Managed",
			"groups":
			[
				"AP_CM_PROFILE_BRK_NEWACCTS_PA",
				"AP_CM_ROLE_BRK_PROCESSOR"
			]
		},

		{
			"name": "Processor Cash Management",
			"groups":
			[
				"AP_CM_PROFILE_BRK_CASHMGMT",
				"AP_CM_ROLE_BRK_PROCESSOR"
			]
		},

		{
			"name": "Processor Trading",
			"groups":
			[
				"AP_CM_PROFILE_BRK_TRADING",
				"AP_CM_ROLE_BRK_PROCESSOR"
			]
		},

		{
			"name": "Processor Tax & Asset Reporting",
			"groups":
			[
				"AP_CM_PROFILE_BRK_TAX_REPORTING",
				"AP_CM_ROLE_BRK_PROCESSOR"
			]
		},

		{
			"name": "Reviewer New Accounts - SD",
			"groups":
			[
				"AP_CM_PROFILE_BRK_NEWACCTS_SD",
				"AP_CM_ROLE_BRK_REVIEWER"
			]
		},

		{
			"name": "Reviewer New Accounts - Managed",
			"groups":
			[
				"AP_CM_PROFILE_BRK_NEWACCTS_PA",
				"AP_CM_ROLE_BRK_REVIEWER"
			]
		},

		{
			"name": "Reviewer New Accounts - Managed CPRT",
			"groups":
			[
				"AP_CM_ROLE_CPRT_REVIEWER"
			]
		},

		{
			"name": "QC Processor New Accounts - SD",
			"groups":
			[
				"AP_CM_PROFILE_BRK_NEWACCTS_SD",
				"AP_CM_ROLE_BROKERAGE_QC_PROCESSOR"
			]
		},

		{
			"name": "QC Processor New Accounts - Managed",
			"groups":
			[
				"AP_CM_PROFILE_BRK_NEWACCTS_PA",
				"AP_CM_ROLE_BROKERAGE_QC_PROCESSOR"
			]
		},

		{
			"name": "Queue Manager",
			"groups":
			[
				"AP_CM_ROLE_BRK_QUEUE_MGR"
			]
		}

	],

	"filters":
	{
		"Processor New Accounts - SD":
		[
			{
				"@type": "unassigned",
				"queues": ["BO_Processor"],
				"filters": "StepStatus <> 'Pended' and (Profile like 'New Accounts - SD'  or  Profile like 'Pension Window' or Profile like 'IRA Window')  and RestrictProfile is null and  F_StepName not like 'Resolve NIGO'  and   F_StepName not like 'Perform Internal Journal'"
			},

			{
				"@type": "pended",
				"queue": ["BO_Processor"],
				"filters": "StepStatus = 'Pended' and  F_StepName not like 'Resolve NIGO'"
			}
		],

		"Processor New Accounts - Managed":
		[
			{
				"@type": "unassigned",
				"queues": ["BO_Processor"],
				"filters": "StepStatus <> 'Pended' and  (Profile like 'New Accounts - Managed' or Profile like 'Direct Managed Account Opening' ) and RestrictProfile is null and  F_StepName not like 'Resolve NIGO'  and  F_StepName not like 'Perform Internal Journal'"
			},

			{
				"@type": "pended",
				"queue": ["BO_Processor"],
				"filters": "StepStatus = 'Pended' and  F_StepName not like 'Resolve NIGO'"
			}
		],

		"Processor Cash Management":
		[
			{
				"@type": "unassigned",
				"queues": ["BO_Processor"],
				"filters": "StepStatus <> 'Pended' and ( Profile='Cash Management'  or   F_StepName = 'Perform Internal Journal')"
			},

			{
				"@type": "pended",
				"queue": ["BO_Processor"],
				"filters": "StepStatus = 'Pended' and  F_StepName not like 'Resolve NIGO'"
			}
		],

		"Processor Trading":
		[
			{
				"@type": "unassigned",
				"queues": ["BO_Processor"],
				"filters": "StepStatus <> 'Pended' and RestrictProfile like 'Trading'"
			},

			{
				"@type": "pended",
				"queue": ["BO_Processor"],
				"filters": "StepStatus = 'Pended' and  F_StepName not like 'Resolve NIGO'"
			}
		],

		"Processor Tax & Asset Reporting":
		[
			{
				"@type": "unassigned",
				"queues": ["BO_Processor"],
				"filters": "StepStatus <> 'Pended' and CaseType='Asset Reporting'"
			},

			{
				"@type": "pended",
				"queue": ["BO_Processor"],
				"filters": "StepStatus = 'Pended' and  F_StepName not like 'Resolve NIGO'"
			}
		],

		"Reviewer New Accounts - SD":
		[
			{
				"@type": "unassigned",
				"queues": ["BO_Reviewer"],
				"filters": "StepStatus <> 'Pended' and Profile like 'New Accounts - SD' and  F_StepName not like 'Review Suitability'"
			},

			{
				"@type": "pended",
				"queue": ["BO_Reviewer"],
				"filters": "StepStatus = 'Pended'  and  F_StepName not like 'Review Suitability'"
			}
		],

		"Reviewer New Accounts - Managed":
		[
			{
				"@type": "unassigned",
				"queues": ["BO_Reviewer"],
				"filters": "StepStatus <> 'Pended' and (Profile like 'New Accounts - Managed' or Profile like 'Direct Managed Account Opening' ) and  F_StepName not like 'Review Suitability'"
			},

			{
				"@type": "pended",
				"queue": ["BO_Reviewer"],
				"filters": "StepStatus = 'Pended'  and  F_StepName not like 'Review Suitability'"
			}
		],

		"Reviewer New Accounts - Managed CPRT":
		[
			{
				"@type": "unassigned",
				"queues": ["BO_Reviewer"],
				"filters": "StepStatus <> 'Pended' and Profile like 'New Accounts - Managed' and F_StepName like 'Review Suitability'"
			},

			{
				"@type": "pended",
				"queue": ["BO_Reviewer"],
				"filters": "StepStatus = 'Pended' and F_StepName like 'Review Suitability'"
			}
		],

		"QC Processor New Accounts - SD":
		[
			{
				"@type": "unassigned",
				"queues": ["BO_QCProcessor"],
				"filters": "StepStatus <> 'Pended' and (Profile like 'New Accounts - SD'  or  Profile like 'Pension Window' or Profile like 'IRA Window')"
			},

			{
				"@type": "pended",
				"queue": ["BO_QCProcessor"],
				"filters": "StepStatus = 'Pended'"
			}
		],

		"QC Processor New Accounts - Managed":
		[
			{
				"@type": "unassigned",
				"queues": ["BO_QCProcessor"],
				"filters": "StepStatus <> 'Pended' and (Profile like   'New Accounts - Managed' or Profile like 'Direct Managed Account Opening' )"
			},

			{
				"@type": "pended",
				"queue": ["BO_QCProcessor"],
				"filters": "StepStatus = 'Pended'"
			}
		],

		"Queue Manager":
		[
			{
				"@type": "unassigned",
				"queues":
				[
					"BO_Processor",
					"BO_Reviewer",
					"BO_QCProcessor"
				],

				"filters": "StepStatus <> 'Pended'"
			},

			{
				"@type": "pended",
				"queues":
				[
					"BO_Processor",
					"BO_Reviewer",
					"BO_QCProcessor"
				],

				"filters": "StepStatus = 'Pended'"
			}
		]
	}
}