{
	"solutionIdentifier" : "Client Servicing",
	"inbasketHeaders":
	[
		{
			"type": "Unassigned",
			"headers":
			{
				"TC_ConfirmationNumber":
				{
					"displayName": "Confirmation #",
					"type": "String"

				}
				,
				"CS_Segment":
				{
					"displayName": "Segment",
					"type": "String"

				}
				,
				"CS_Department":
				{
					"displayName": "Department",
					"type": "String"

				}
				,

				"CS_RequestType":
				{
					"displayName": "Request Type",
					"type": "String"

				}
				,

				"TC_CaseStatus":
				{
					"displayName": "Case Status",
					"type": "String"

				}
				,

				"TC_SubmittedOn":
				{
					"displayName": "Submitted On",
					"type": "Date"

				}
				,

				"TC_ReceivedDate":
				{
					"displayName": "Received Date",
					"type": "Date"

				}

			}
		}
	],

	"roles":
	[
		{
			"name": "Processor",
			"groups":
			[
				"AP_P_P8PEIS_RP_M"
			]
		},

		{
			"name": "Reviewer",
			"groups":
			[
				"AP_P_P8PEIS_RP_M"
			]
		}

	],


	"filters":
	{
		"Processor":
		[
			{
				"@type": "unassigned",
				"queues": ["CS_Processor"],
				"filters": ""
			}
		],

		"Reviewer":
		[
			{
				"@type": "unassigned",
				"queues": ["CS_Reviewer"],
				"filters": ""
			}

		]

	}
}