{
	"solutionIdentifier" : "ICS_Institutional Client Solutions",
	"inbasketHeaders":
	[
		{
			"type": "Unassigned",
			"headers":
			{
				"TC_CaseNumber":
				{
					"displayName": "Case Number",
					"type": "String"

				},

				"ICS_ClientName":
				{
					"displayName": "Client Name",
					"type": "String"

				},

				"ICS_Team":
				{
					"displayName": "Team",
					"type": "String"

				},

				"ICS_AdditionalRequestType":
				{
					"displayName": "Additional Request Type",
					"type": "String"

				},

				"ICS_PhaseForSummarySearch":
				{
					"displayName": "Phase",
					"type": "String"

				},

				"TC_StepName":
				{
					"displayName": "Step Name",
					"type": "String"

				},

				"TC_CaseStatus":
				{
					"displayName": "Case Status",
					"type": "String"

				},

				"ICS_ImplDate":
				{
					"displayName": "Impl Date",
					"type": "Date"

				},

				"ICS_RMName":
				{
					"displayName": "RM",
					"type": "String"

				},

				"TC_ReceivedDate":
				{
					"displayName": "Received Date",
					"type": "Date"

				},

				"TC_StepCreatedDate":
				{
					"displayName": "Step Created Date",
					"type": "Date"

				}

			}
		},

		{
			"type": "Pended",
			"headers":
			{
				"TC_CaseNumber":
				{
					"displayName": "Case Number",
					"type": "String"

				},

				"ICS_ClientName":
				{
					"displayName": "Client Name",
					"type": "String"

				},

				"ICS_Team":
				{
					"displayName": "Team",
					"type": "String"

				},

				"ICS_PhaseForSummarySearch":
				{
					"displayName": "Phase",
					"type": "String"

				},

				"TC_StepName":
				{
					"displayName": "Step Name",
					"type": "String"

				},

				"TC_SuspendTillDateTime":
				{
					"displayName": "Wake DateTime",
					"type": "Date"

				},

				"ICS_ImplDate":
				{
					"displayName": "Impl Date",
					"type": "Date"

				},

				"ICS_RMName":
				{
					"displayName": "RM",
					"type": "String"

				},

				"TC_ReceivedDate":
				{
					"displayName": "Received Date",
					"type": "Date"

				},
				"TC_StepCreatedDate":
				{
					"displayName": "Step Created Date",
					"type": "Date"

				}
			}
		},

		{
			"type": "AllAssigned",
			"headers":
			{
				"TC_CaseNumber":
				{
					"displayName": "Case Number",
					"type": "String"

				},

				"ICS_ClientName":
				{
					"displayName": "Client Name",
					"type": "String"

				},

				"ICS_Team":
				{
					"displayName": "Team",
					"type": "String"

				},

				"ICS_AdditionalRequestType":
				{
					"displayName": "Additional Request Type",
					"type": "String"

				},

				"ICS_PhaseForSummarySearch":
				{
					"displayName": "Phase",
					"type": "String"

				},

				"TC_StepName":
				{
					"displayName": "Step Name",
					"type": "String"

				},

				"TC_CaseStatus":
				{
					"displayName": "Case Status",
					"type": "String"

				},

				"ICS_ImplDate":
				{
					"displayName": "Impl Date",
					"type": "Date"

				},

				"ICS_RMName":
				{
					"displayName": "RM",
					"type": "String"

				},

				"TC_ReceivedDate":
				{
					"displayName": "Received Date",
					"type": "Date"

				},

				"TC_StepCreatedDate":
				{
					"displayName": "Step Created Date",
					"type": "Date"

				}

			}
		}
	],
	"roles":
	[
		{
			"name": "Work Intake",
			"groups":
			[
				"AP_P_P8ICSPA_WI_M"
			]
		},

		{
			"name": "CSAT",
			"groups":
			[
				"AP_P_P8ICSPA_CSAT_M"
			]
		},

		{
			"name": "CTM",
			"groups":
			[
				"AP_P_P8ICSPA_CTM_M"
			]
		},

		{
			"name": "ES&S",
			"groups":
			[
				"AP_P_P8ICSPA_ESS_M"
			]
		},

		{
			"name": "P&C",
			"groups":
			[
				"AP_P_P8ICSPA_PC_M"
			]
		},

		{
			"name": "PCRO Legal",
			"groups":
			[
				"AP_P_P8ICSPA_PCROL_M"
			]
		},


		{
			"name": "OGC",
			"groups":
			[
				"AP_P_P8ICSPA_OGC_M"
			]
		},


		{
			"name": "Marketing Communications",
			"groups":
			[
				"AP_P_P8ICSPA_MC_M"
			]
		},


		{
			"name": "Multichannel Publishing",
			"groups":
			[
				"AP_P_P8ICSPA_MP_M"
			]
		},


		{
			"name": "Pricing Analyst",
			"groups":
			[
				"AP_P_P8ICSPA_PA_M"
			]
		},

		{
			"name": "CSAT Team Manager",
			"groups":
			[
				"AP_P_P8ICSPA_CSATTMGR_M"
			]
		},

		{
			"name": "CTM Team Manager",
			"groups":
			[
				"AP_P_P8ICSPA_CTMTMGR_M"
			]
		},

		{
			"name": "ES&S Team Manager",
			"groups":
			[
				"AP_P_P8ICSPA_ESSTMGR_M"
			]
		},

		{
			"name": "Queue Manager - Solution Administrator",
			"groups":
			[
				"AP_P_P8ICSPA_ADMIN_M"
			]
		}
	],

	"filters":
	{

		"Work Intake":
		[
			{
				"@type": "unassigned",
				"queues": ["ICS_WorkIntake"],
				"filters": ""
			},

			{
				"@type": "pended",
				"queue": ["ICS_WorkIntake"],
				"filters": "IsSuspended = 1"
			}
		],

		"CSAT":
		[
			{
				"@type": "unassigned",
				"queues": ["ICS_CSAT"],
				"filters": "(ICS_IsEngageCSAT = 0 and IsSuspended = 0 and IsCSATTeamManager = 0) or (ICS_IsEngageCSAT = 1 and IsSuspended = 0 and IsCSATTeamManager = 0)"
			},

			{
				"@type": "pended",
				"queue": ["ICS_CSAT"],
				"filters": "IsSuspended = 1"
			}
		],

		"CTM":
		[
			{
				"@type": "unassigned",
				"queues": ["ICS_CTM"],
				"filters": "IsCTMTeamManager = 0 and IsSuspended = 0"
			},

			{
				"@type": "pended",
				"queue": ["ICS_CTM"],
				"filters": "IsSuspended = 1"
			}
		],

		"ES&S":
		[
			{
				"@type": "unassigned",
				"queues": ["ICS_ESS"],
				"filters": "IsESSTeamManager = 0 and IsSuspended = 0"
			},

			{
				"@type": "pended",
				"queue": ["ICS_ESS"],
				"filters": "IsSuspended = 1"
			}
		],

		"P&C":
		[
			{
				"@type": "unassigned",
				"queues": ["ICS_PC"],
				"filters": ""
			}
		],

		"PCRO Legal":
		[
			{
				"@type": "unassigned",
				"queues": ["ICS_PCROLegal"],
				"filters": ""
			}
		],

		"OGC":
		[
			{
				"@type": "unassigned",
				"queues": ["ICS_OGC"],
				"filters": ""
			}
		],

		"Marketing Communications":
		[
			{
				"@type": "unassigned",
				"queues": ["ICS_MarketingCommunications"],
				"filters": ""
			}
		],

		"Multichannel Publishing":
		[
			{
				"@type": "unassigned",
				"queues": ["ICS_MultichannelPublishing"],
				"filters": ""
			}
		],

		"Pricing Analyst":
		[
			{
				"@type": "unassigned",
				"queues": ["ICS_PlanPricing"],
				"filters": ""
			}
		],

		"CSAT Team Manager":
		[
			{
				"@type": "unassigned",
				"queues": ["ICS_CSAT"],
				"filters": "IsCSATTeamManager = 1 and IsSuspended = 0"
			},

			{
				"@type": "pended",
				"queue": ["ICS_CSAT"],
				"filters": "IsCSATTeamManager = 1 and IsSuspended = 1"
			}
		],

		"CTM Team Manager":
		[
			{
				"@type": "unassigned",
				"queues": ["ICS_CTM"],
				"filters": "IsCTMTeamManager = 1 and IsSuspended = 0"
			},

			{
				"@type": "pended",
				"queue": ["ICS_CTM"],
				"filters": "IsCTMTeamManager = 1 and IsSuspended = 1"
			}
		],

		"ES&S Team Manager":
		[
			{
				"@type": "unassigned",
				"queues": ["ICS_ESS"],
				"filters": "IsESSTeamManager = 1 and IsSuspended = 0"
			},

			{
				"@type": "pended",
				"queue": ["ICS_ESS"],
				"filters": "IsESSTeamManager = 1 and IsSuspended = 1"
			}
		],

		"Queue Manager - Solution Administrator":
		[
			{
				"@type": "unassigned",
				"queues": [
					"ICS_WorkIntake",
					"ICS_CSAT",
					"ICS_ESS",
					"ICS_PC",
					"ICS_PCROLegal",
					"ICS_OGC",
					"ICS_MarketingCommunications",
					"ICS_MultichannelPublishing",
					"ICS_PlanPricing"
					],
				"filters": ""
			}
		]
	}
}