{
	"solutionIdentifier":"IPS_Imaging Portfolio Services",
	"inbasketHeaders":
	[
		{
			"type": "Unassigned",
			"headers":
			{
				"CaseNumber":
				{
					"displayName": "Case Number",
					"type": "String"

				},

				"F_StepName":
				{
					"displayName": "Step Name",
					"type": "String"

				},

				"IPS_Complaint":
				{
					"displayName": "Complaint",
					"type": "String"

				},

				"IPS_OSJ":
				{
					"displayName": "OSJ",
					"type": "String"

				},

				"IPS_ReviewLocation":
				{
					"displayName": "Review Location",
					"type": "String"

				},

				"Channel":
				{
					"displayName": "Channel",
					"type": "String"

				},

				"IPS_CorrespondenceType":
				{
					"displayName": "Correspondence Type",
					"type": "String"

				},

				"IPS_TIAAReceivedDate":
				{
					"displayName": "TIAA Received Date",
					"type": "Date"

				},

				"SLAStartDate":
				{
					"displayName": "SLA Start Date",
					"type": "Date"

				},

				"StepCreatedDate":
				{
					"displayName": "Step Created Date",
					"type": "Date"

				}
			}

		}
	],
	"roles":
	[
		{
			"name": "Reviewer",
			"groups":
			[
				"AP_CM_IPS_ROLE_REV"
			]
		}
	],
	"filters":
	{
		"Reviewer":
		[
			{
				"@type": "unassigned",
				"queues":
				[
					"IPS_Reviewer"
				],
				"filters": ""
			}
		]

	}
}