{
	"solutionIdentifier" : "Institutional Servicing",
	"genericCaseType" : "IS_FileAuditing",
	"inbasketHeaders":
	[
		{
			"type": "Unassigned",
			"headers":
			{
				"CaseNumber":
				{
					"displayName": "Case Number",
					"type": "String"

				},
				"F_StepName":
				{
					"displayName": "Step Name",
					"type": "String"

				}
				,
				"ClientName":
				{
					"displayName": "Client Name",
					"type": "String"

				}
				,

				"IS_SourceFileType":
				{
					"displayName": "Source File Type",
					"type": "String"

				}
				,

				"IS_TaskFileType":
				{
					"displayName": "Task File Type",
					"type": "String"

				}
				,

				"Platform":
				{
					"displayName": "Platform",
					"type": "String"

				}
				,

				"IS_FileReceivedDate":
				{
					"displayName": "File Received Date",
					"type": "Date"

				}
				,
				"StepCreatedDate":
				{
					"displayName": "Step Created Date",
					"type": "Date"

				}

			}

		},

		{
			"type": "Pended",
			"headers":
			{

				"CaseNumber":
				{
					"displayName": "Case Number",
					"type": "String"

				},

				"F_StepName":
				{
					"displayName": "Step Name",
					"type": "String"

				},

				"IS_DataRepairType":
				{
					"displayName": "Data Repair Type",
					"type": "String"

				},

				"ClientName":
				{
					"displayName": "Client Name",
					"type": "String"

				},

				"IS_SourceFileType":
				{
					"displayName": "Source File Type",
					"type": "String"

				},

				"IS_Complexity":
				{
					"displayName": "Complexity",
					"type": "String"

				},

				"StepCreatedDate":
				{
					"displayName": "Step Created Date",
					"type": "Date"

				},

				"WakeDateTimeET":
				{
					"displayName": "Wake Date/Time(ET)",
					"type": "Date"

				},

				"SuspendedBy":
				{
					"displayName": "Suspended By",
					"type": "String"

				}
			}

		}
	],

	"roles":
	[
		{
			"name": "Reviewer",
			"groups":
			[
				"AP_CM_IS_ROLE_REV"
			]
		},

		{
			"name": "Reviewer Lead",
			"groups":
			[
				"AP_P_CM_IS_SRKMVC_OPS_LEAD"
			]
		},

		{
			"name": "QC Processor",
			"groups":
			[
				"AP_P_CM_IS_ROLE_QC"
			]
		},

		{
			"name": "QC Processor Lead",
			"groups":
			[
				"AP_P_CM_IS_SRKMVC_OPS_CQC_LEAD"
			]
		},

		{
			"name": "Data Processor",
			"groups":
			[
				"AP_P_CM_IS_ROLE_DP"
			]
		},

		{
			"name": "Data Processor Lead",
			"groups":
			[
				"AP_P_CM_IS_SRKMVC_DP_MVAS_LEAD"
			]
		},

		{
			"name": "CS Manager",
			"groups":
			[
				"AP_P_CM_IS_ROLE_CS_MANAGER"
			]
		},
		{
			"name": "View Only",
			"groups":
			[
				"AP_CM_IS_ROLE_VO"
			]
		}

	],


	"filters":
	{
		"Reviewer":
		[
			{
				"@type": "unassigned",
				"queues": ["IS_Reviewer"],
				"filters": ""
			}


		],

		"Reviewer Lead":
		[
			{
				"@type": "unassigned",
				"queues": ["IS_Reviewer"],
				"filters": ""
			}

		],

		"QC Processor":
		[
			{
				"@type": "unassigned",
				"queues": ["IS_QCProcessor"],
				"filters": ""
			}

		],

		"QC Processor Lead":
		[
			{
				"@type": "unassigned",
				"queues": ["IS_QCProcessor"],
				"filters": ""
			}

		],
		"Data Processor":
		[
			{
				"@type": "unassigned",
				"queues": ["IS_DataProcessor"],
				"filters": "IsSuspended = 0"
			},

			{
				"@type": "pended",
				"queues": ["IS_DataProcessor"],
				"filters": "IsSuspended = 1"
			}


		],

		"Data Processor Lead":
		[
			{
				"@type": "unassigned",
				"queues": ["IS_DataProcessor"],
				"filters": "IsSuspended = 0"
			}

		],

		"CS Manager":
		[
			{
				"@type": "unassigned",
				"queues": ["IS_CSManager"],
				"filters": ""
			}

		],

		"View Only":
		[
			{
				"@type": "unassigned",
				"queues":
				[
					"IS_CSManager",
					"IS_DataProcessor",
					"IS_Reviewer",
					"IS_QCProcessor"
				],

				"filters": ""
			}
		]
	}
}