{
	"profile": "true",
	"solutionIdentifier":"PI_Payin Operations",
	"genericCaseType" : "PI_PayinRequest",
	"inbasketHeaders":
	[
		{
			"type": "Unassigned",
			"headers":
			{
				"LoanID":
				{
					"displayName": "Loan #",
					"type": "String"
				},

				"CaseType":
				{
					"displayName": "Case Type",
					"type": "String"
				},

				"F_StepName":
				{
					"displayName": "Step Name",
					"type": "String"
				},
				"Amount":
				{
					"displayName": "Amount",
					"type": "String"
				},

				"PIN":
				{
					"displayName": "PIN",
					"type": "String"
				},

				"PlanNumber":
				{
					"displayName": "Plan #",
					"type": "String"
				},

				"RepaymentMode":
				{
					"displayName": "Repayment Mode",
					"type": "String"
				},
				"TradeDate":
				{
					"displayName": "Trade Date",
					"type": "Date"
				},

				"ReceivedDate":
				{
					"displayName": "Received Date",
					"type": "Date"
				},
				"Segment":
				{
					"displayName": "Segment",
					"type": "String"
				},

				"Priority":
				{
					"displayName": "Priority",
					"type": "String"
				}

			}
		},

		{
			"type": "Pended",
			"headers":
			{
				"LoanID":
				{
					"displayName": "Loan #",
					"type": "String"
				},

				"CaseType":
				{
					"displayName": "Case Type",
					"type": "String"
				},

				"F_StepName":
				{
					"displayName": "Step Name",
					"type": "String"
				},
				"Amount":
				{
					"displayName": "Amount",
					"type": "String"
				},

				"PIN":
				{
					"displayName": "PIN",
					"type": "String"
				},

				"PlanNumber":
				{
					"displayName": "Plan #",
					"type": "String"
				},

				"RepaymentMode":
				{
					"displayName": "Repayment Mode",
					"type": "String"

				},
				"TradeDate":
				{
					"displayName": "Trade Date",
					"type": "Date"

				},

				"ReceivedDate":
				{
					"displayName": "Received Date",
					"type": "Date"
				},
				"WakeDateTimeET":
				{
					"displayName": "Wake Date/Time(ET)",
					"type": "Date"
				},
				"Segment":
				{
					"displayName": "Segment",
					"type": "String"
				},

				"Priority":
				{
					"displayName": "Priority",
					"type": "String"
				}


			}
		},

		{
			"type": "AllAssigned",
			"headers":
			{
				"LoanID":
				{
					"displayName": "Loan #",
					"type": "String"
				},

				"CaseType":
				{
					"displayName": "Case Type",
					"type": "String"
				},

				"F_StepName":
				{
					"displayName": "Step Name",
					"type": "String"
				},
				"Amount":
				{
					"displayName": "Amount",
					"type": "String"
				},

				"PIN":
				{
					"displayName": "PIN",
					"type": "String"
				},

				"PlanNumber":
				{
					"displayName": "Plan #",
					"type": "String"
				},

				"RepaymentMode":
				{
					"displayName": "Repayment Mode",
					"type": "String"
				},
				"TradeDate":
				{
					"displayName": "Trade Date",
					"type": "Date"
				},

				"ReceivedDate":
				{
					"displayName": "Received Date",
					"type": "Date"
				},
				"Segment":
				{
					"displayName": "Segment",
					"type": "String"
				},

				"Priority":
				{
					"displayName": "Priority",
					"type": "String"
				},

				"F_BoundUser":
				{
					"displayName": "Assigned To",
					"type": "String"
				}

			}
		}
	],
	"roles":
	[
		{
			"name": "Processor",
			"groups":
			[
				"AP_UD_APP_CM_OPS_PROCESSOR_LOANS"
			]
		},
		{
			"name": "QCProcessor",
			"groups":
			[
				"AP_UD_BUS_OPS_QUALITY_CONTROL_ASSOCIATE"
			]
		},
		{
			"name": "Queue Manager",
			"groups":
			[
				"AP_UD_BUS_OPS_PROCESSOR_MANAGER"
			]
		},
		{
			"name": "Dispute Administrator",
			"groups":
			[
				"AP_UD_BUS_OPS_QUALITY_CONTROL_DISPUTE_ADMINISTRATOR"
			]
		}
	],

	"profiles":
	{
		"@type": "order",
		"list":
		[
			{
				"name": "L3",
				"groups":
				[
					"AP_UD_SPC_ONSHORE_USER",
					"IS_PD_TIAAEMP_AM"
				]
			},
			{
				"name": "L2",
				"groups":
				[
					"AP_UD_SPC_ONSHORE_USER"
				]
			}
		]
	},

	"filters":
	{
		"Processor - L3":
		[
			{
				"@type": "unassigned",
				"queues":
				[
					"PI_Processor"
				],
				"filters": "StepStatus <> 'Pended' AND (Segment = 'TIAA' OR Segment = 'KI - TIAA' OR Segment = 'KI - TCSRestricted' OR Segment = 'TCSRestricted'  OR Segment = 'KI - WMClient'  OR Segment = 'KI - Premier'  OR Segment = 'KI - Other' OR Segment = 'WMClient'  OR Segment = 'Premier'  OR Segment = 'Other')"
			},

			{
				"@type": "pended",
				"queues":
				[
					"PI_Processor"
				],
				"filters": "StepStatus = 'Pended'"
			}
		],

		"Processor - L2":
		[
			{
				"@type": "unassigned",
				"queues":
				[
					"PI_Processor"
				],

				"filters": "StepStatus <> 'Pended' AND (Segment = 'KI - TCSRestricted' OR Segment = 'TCSRestricted'  OR Segment = 'KI - WMClient'  OR Segment = 'KI - Premier'  OR Segment = 'KI - Other' OR Segment = 'WMClient'  OR Segment = 'Premier'  OR Segment = 'Other')"
			},

			{
				"@type": "pended",
				"queues":
				[
					"PI_Processor"
				],

				"filters": "StepStatus = 'Pended' AND (Segment = 'KI - TCSRestricted' OR Segment = 'TCSRestricted' OR Segment = 'KI - WMClient'  OR Segment = 'KI - Premier'  OR Segment = 'KI - Other' OR Segment = 'WMClient'  OR Segment = 'Premier'  OR Segment = 'Other')"
			}
		],

		"Processor":
		[
			{
				"@type": "unassigned",
				"queues":
				[
					"PI_Processor"
				],

				"filters": "StepStatus <> 'Pended' AND (Segment = 'KI - WMClient'  OR Segment = 'KI - Premier'  OR Segment = 'KI - Other' OR Segment = 'WMClient'  OR Segment = 'Premier'  OR Segment = 'Other')"
			},
			{
				"@type": "pended",
				"queues":
				[
					"PI_Processor"
				],

				"filters": "StepStatus = 'Pended' AND (Segment = 'KI - WMClient'  OR Segment = 'KI - Premier'  OR Segment = 'KI - Other' OR Segment = 'WMClient'  OR Segment = 'Premier'  OR Segment = 'Other')"
			}
		],
		"QCProcessor - L3":
		[
			{
				"@type": "unassigned",
				"queues":
				[
					"PI_QCProcessor"
				],

				"filters": "StepStatus <> 'Pended' AND (Segment = 'TIAA' OR Segment = 'KI - TIAA' OR Segment = 'KI - TCSRestricted' OR Segment = 'TCSRestricted'  OR Segment = 'KI - WMClient'  OR Segment = 'KI - Premier'  OR Segment = 'KI - Other' OR Segment = 'WMClient'  OR Segment = 'Premier'  OR Segment = 'Other')"
			},

			{
				"@type": "pended",
				"queues":
				[
					"PI_QCProcessor"
				],

				"filters": "StepStatus = 'Pended' AND (Segment = 'TIAA' OR Segment = 'KI - TIAA' OR Segment = 'KI - TCSRestricted' OR Segment = 'TCSRestricted'  OR Segment = 'KI - WMClient'  OR Segment = 'KI - Premier'  OR Segment = 'KI - Other' OR Segment = 'WMClient'  OR Segment = 'Premier'  OR Segment = 'Other')"
			}
		],

		"QCProcessor - L2":
		[
			{
				"@type": "unassigned",
				"queues":
				[
					"PI_QCProcessor"
				],

				"filters": "StepStatus <> 'Pended' AND (Segment = 'KI - TCSRestricted' OR Segment = 'TCSRestricted'  OR Segment = 'KI - WMClient'  OR Segment = 'KI - Premier'  OR Segment = 'KI - Other' OR Segment = 'WMClient'  OR Segment = 'Premier'  OR Segment = 'Other')"
			},

			{
				"@type": "pended",
				"queues":
				[
					"PI_QCProcessor"
				],

				"filters": "StepStatus = 'Pended' AND (Segment = 'KI - TCSRestricted' OR Segment = 'TCSRestricted' OR Segment = 'KI - WMClient'  OR Segment = 'KI - Premier'  OR Segment = 'KI - Other' OR Segment = 'WMClient'  OR Segment = 'Premier'  OR Segment = 'Other')"
			}
		],

		"QCProcessor":
		[
			{
				"@type": "unassigned",
				"queues":
				[
					"PI_QCProcessor"
				],

				"filters": "StepStatus <> 'Pended' AND (Segment = 'KI - WMClient'  OR Segment = 'KI - Premier'  OR Segment = 'KI - Other' OR Segment = 'WMClient'  OR Segment = 'Premier'  OR Segment = 'Other')"
			},

			{
				"@type": "pended",
				"queues":
				[
					"PI_QCProcessor"
				],

				"filters": "StepStatus = 'Pended' AND (Segment = 'KI - WMClient'  OR Segment = 'KI - Premier'  OR Segment = 'KI - Other' OR Segment = 'WMClient'  OR Segment = 'Premier'  OR Segment = 'Other')"
			}
		],

		"Queue Manager - L3":
		[
			{
				"@type": "unassigned",
				"queues":
				[
					"PI_Processor",
					"PI_QCProcessor"
				],

				"filters": "StepStatus <> 'Pended' AND (Segment = 'TIAA' OR Segment = 'KI - TIAA' OR Segment = 'KI - TCSRestricted' OR Segment = 'TCSRestricted'  OR Segment = 'KI - WMClient'  OR Segment = 'KI - Premier'  OR Segment = 'KI - Other' OR Segment = 'WMClient'  OR Segment = 'Premier'  OR Segment = 'Other')"
			},

			{
				"@type": "pended",
				"queues":
				[
					"PI_Processor",
					"PI_QCProcessor"
				],

				"filters": "StepStatus = 'Pended' AND (Segment = 'TIAA' OR Segment = 'KI - TIAA' OR Segment = 'KI - TCSRestricted' OR Segment = 'TCSRestricted'  OR Segment = 'KI - WMClient'  OR Segment = 'KI - Premier'  OR Segment = 'KI - Other' OR Segment = 'WMClient'  OR Segment = 'Premier'  OR Segment = 'Other')"
			},
			{
				"@type": "allassigned",
				"queues":
				[
					"Inbox(0)"
				],

				"filters": "StepStatus <> 'Pended' AND (Segment = 'TIAA' OR Segment = 'KI - TIAA' OR Segment = 'KI - TCSRestricted' OR Segment = 'TCSRestricted'  OR Segment = 'KI - WMClient'  OR Segment = 'KI - Premier'  OR Segment = 'KI - Other' OR Segment = 'WMClient'  OR Segment = 'Premier'  OR Segment = 'Other') AND solutionIdentifier = 'PI_Payin Operations'"
			}
		],

		"Queue Manager - L2":
		[
			{
				"@type": "unassigned",
				"queues":
				[
					"PI_Processor",
					"PI_QCProcessor"
				],

				"filters": "StepStatus <> 'Pended' AND (Segment = 'KI - TCSRestricted' OR Segment = 'TCSRestricted'  OR Segment = 'KI - WMClient'  OR Segment = 'KI - Premier'  OR Segment = 'KI - Other' OR Segment = 'WMClient'  OR Segment = 'Premier'  OR Segment = 'Other')"
			},

			{
				"@type": "pended",
				"queues":
				[
					"PI_Processor",
					"PI_QCProcessor"
				],

				"filters": "StepStatus = 'Pended' AND (Segment = 'KI - TCSRestricted' OR Segment = 'TCSRestricted' OR Segment = 'KI - WMClient'  OR Segment = 'KI - Premier'  OR Segment = 'KI - Other' OR Segment = 'WMClient'  OR Segment = 'Premier'  OR Segment = 'Other')"
			},
			{
				"@type": "allassigned",
				"queues":
				[
					"Inbox(0)"
				],

				"filters": "StepStatus <> 'Pended' AND (Segment = 'KI - TCSRestricted' OR Segment = 'TCSRestricted'  OR Segment = 'KI - WMClient'  OR Segment = 'KI - Premier'  OR Segment = 'KI - Other' OR Segment = 'WMClient'  OR Segment = 'Premier'  OR Segment = 'Other') AND solutionIdentifier = 'PI_Payin Operations'"
			}
		],

		"Queue Manager":
		[
			{
				"@type": "unassigned",
				"queues":
				[
					"PI_Processor",
					"PI_QCProcessor"
				],
				"filters": "StepStatus <> 'Pended' AND (Segment = 'KI - WMClient'  OR Segment = 'KI - Premier'  OR Segment = 'KI - Other' OR Segment = 'WMClient'  OR Segment = 'Premier'  OR Segment = 'Other')"
			},

			{
				"@type": "pended",
				"queues":
				[
					"PI_Processor",
					"PI_QCProcessor"
				],

				"filters": "StepStatus = 'Pended' AND (Segment = 'KI - WMClient'  OR Segment = 'KI - Premier'  OR Segment = 'KI - Other' OR Segment = 'WMClient'  OR Segment = 'Premier'  OR Segment = 'Other')"
			},
			{
				"@type": "allassigned",
				"queues":
				[
					"Inbox(0)"
				],
				"filters": "StepStatus <> 'Pended' AND (Segment = 'KI - WMClient'  OR Segment = 'KI - Premier'  OR Segment = 'KI - Other' OR Segment = 'WMClient'  OR Segment = 'Premier'  OR Segment = 'Other') AND solutionIdentifier = 'PI_Payin Operations'"
			}
		],
		"Dispute Administrator - L3":
		[
			{
				"@type": "unassigned",
				"queues":
				[
					"PI_DisputeAdministrator"
				],

				"filters": "StepStatus <> 'Pended' AND (Segment = 'TIAA' OR Segment = 'KI - TIAA' OR Segment = 'KI - TCSRestricted' OR Segment = 'TCSRestricted'  OR Segment = 'KI - WMClient'  OR Segment = 'KI - Premier'  OR Segment = 'KI - Other' OR Segment = 'WMClient'  OR Segment = 'Premier'  OR Segment = 'Other')"
			}
		],

		"Dispute Administrator - L2":
		[
			{
				"@type": "unassigned",
				"queues":
				[
					"PI_DisputeAdministrator"
				],

				"filters": "StepStatus <> 'Pended' AND (Segment = 'KI - TCSRestricted' OR Segment = 'TCSRestricted'  OR Segment = 'KI - WMClient'  OR Segment = 'KI - Premier'  OR Segment = 'KI - Other' OR Segment = 'WMClient'  OR Segment = 'Premier'  OR Segment = 'Other')"
			}
		],

		"Dispute Administrator":
		[
			{
				"@type": "unassigned",
				"queues":
				[
					"PI_DisputeAdministrator"
				],

				"filters": "StepStatus <> 'Pended' AND (Segment = 'KI - WMClient'  OR Segment = 'KI - Premier'  OR Segment = 'KI - Other' OR Segment = 'WMClient'  OR Segment = 'Premier'  OR Segment = 'Other')"
			}

		]
	}
}