{
	"profile": "true",
	"solutionIdentifier":"PO_Payout Operations",
	"genericCaseType" : "PO_PayoutRequest",
	"inbasketHeaders":
	[
		{
			"type": "Unassigned",
			"headers":
			{
				"TC_ConfirmationNumber":
				{
					"displayName": "Confirmation #",
					"type": "String"

				},

				"TC_CaseType":
				{
					"displayName": "Case Type",
					"type": "String"

				},

				"F_StepName":
				{
					"displayName": "Step Name",
					"type": "String"

				},
				"Amount":
				{
					"displayName": "Amount",
					"type": "String"

				},

				"TC_PIN":
				{
					"displayName": "PIN",
					"type": "String"

				},

				"TC_PlanNumber":
				{
					"displayName": "Plan #",
					"type": "String"

				},

				"TC_Channel":
				{
					"displayName": "Channel",
					"type": "String"

				},
				"TradeDateTS":
				{
					"displayName": "Trade Date",
					"type": "Date"

				},

				"TC_ReceivedDate":
				{
					"displayName": "Received Date(ET)",
					"type": "Date"

				},
				"PO_Segment":
				{
					"displayName": "Segment",
					"type": "String"

				},

				"Priority":
				{
					"displayName": "Priority",
					"type": "String"

				}

			}
		},

		{
			"type": "Pended",
			"headers":
			{
				"TC_ConfirmationNumber":
				{
					"displayName": "Confirmation #",
					"type": "String"

				},

				"TC_CaseType":
				{
					"displayName": "Case Type",
					"type": "String"

				},

				"F_StepName":
				{
					"displayName": "Step Name",
					"type": "String"

				},
				"Amount":
				{
					"displayName": "Amount",
					"type": "String"

				},

				"TC_PIN":
				{
					"displayName": "PIN",
					"type": "String"

				},

				"TC_PlanNumber":
				{
					"displayName": "Plan #",
					"type": "String"

				},

				"TC_Channel":
				{
					"displayName": "Channel",
					"type": "String"

				},
				"TradeDateTS":
				{
					"displayName": "Trade Date",
					"type": "Date"

				},

				"TC_ReceivedDate":
				{
					"displayName": "Received Date(ET)",
					"type": "Date"

				},
				"PO_WakeDateTime":
				{
					"displayName": "Wake Date/Time(ET)",
					"type": "Date"

				},
				"PO_Segment":
				{
					"displayName": "Segment",
					"type": "String"

				},

				"Priority":
				{
					"displayName": "Priority",
					"type": "String"

				}


			}
		},

		{
			"type": "AllAssigned",
			"headers":
			{
				"TC_ConfirmationNumber":
				{
					"displayName": "Confirmation #",
					"type": "String"

				},

				"TC_CaseType":
				{
					"displayName": "Case Type",
					"type": "String"

				},

				"F_StepName":
				{
					"displayName": "Step Name",
					"type": "String"

				},
				"Amount":
				{
					"displayName": "Amount",
					"type": "String"

				},

				"TC_PIN":
				{
					"displayName": "PIN",
					"type": "String"

				},

				"TC_PlanNumber":
				{
					"displayName": "Plan #",
					"type": "String"

				},

				"TC_Channel":
				{
					"displayName": "Channel",
					"type": "String"

				},
				"TradeDateTS":
				{
					"displayName": "Trade Date",
					"type": "Date"

				},

				"TC_ReceivedDate":
				{
					"displayName": "Received Date(ET)",
					"type": "Date"

				},

				"F_BoundUser":
				{
					"displayName": "Assigned To",
					"type": "String"

				},

				"PO_Segment":
				{
					"displayName": "Segment",
					"type": "String"

				},

				"Priority":
				{
					"displayName": "Priority",
					"type": "String"

				}

			}
		}
	],
	"roles":
	[
		{
			"name": "Processor Withdrawals",
			"groups":
			[
				"%AP_CM_ROLE_WITHDRAWAL_PROCESSOR%"
			]
		},

		{
			"name": "Processor Withdrawals",
			"groups":
			[
				"%AP_UD_APP_CM_OPS_PROCESSOR_ALL_WITHDRAWALS%"
			]
		},

		{
			"name": "Processor Withdrawals",
			"groups":
			[
				"%AP_UD_BUS_OPS_PROCESSOR%"
			]
		},
		{
			"name": "Processor Loans",
			"groups":
			[
				"%AP_UD_APP_CM_OPS_PROCESSOR_LOANS%"
			]
		},
		{
			"name": "Processor TPA",
			"groups":
			[
				"%AP_UD_APP_CM_OPS_ENTERPRISE_SVC_GRP_PROC%"
			]
		},

		{
			"name": "QCProcessor",
			"groups":
			[
				"%AP_UD_BUS_OPS_QUALITY_CONTROL_ASSOCIATE%"
			]
		},

		{
			"name": "QCProcessor",
			"groups":
			[
				"%AP_UD_BUS_PSG_QUALITY_CONTROL_ASSOCIATE%"
			]
		},

		{
			"name": "Dispute Administrator",
			"groups":
			[
				"%AP_UD_BUS_OPS_QUALITY_CONTROL_DISPUTE_ADMINISTRATOR%"
			]
		},

		{
			"name": "Queue Manager",
			"groups":
			[
				"%AP_UD_BUS_OPS_PROCESSOR_MANAGER%"
			]
		},

		{
			"name": "CCT Role",
			"groups":
			[
				"%AP_UD_SPC_CCT_DUAL_USAGE%"
			]
		}
	],

	"profiles":
	{
		"@type": "order",
		"list":
		[
			{
				"name": "L3",
				"groups":
				[
					"%AP_UD_ROLE_ONSHORE_USER%",
					"%IS_PD_TIAAEMP_AM%"
				]
			},

			{
				"name": "L3",
				"groups":
				[
					"%AP_UD_SPC_ONSHORE_USER%",
					"%IS_PD_TIAAEMP_AM%"
				]
			},

			{
				"name": "L3",
				"groups":
				[
					"%AP_UD_BUS_PSG_INBOUND_CONSULTANT%",
					"%IS_PD_TIAAEMP_AM%"
				]
			},

			{
				"name": "L3",
				"groups":
				[
					"%AP_UD_BUS_PSG_INBOUND_MANAGER%",
					"%IS_PD_TIAAEMP_AM%"
				]
			},

			{
				"name": "L2",
				"groups":
				[
					"%AP_UD_ROLE_ONSHORE_USER%"
				]
			},

			{
				"name": "L2",
				"groups":
				[
					"%AP_UD_SPC_ONSHORE_USER%"
				]
			},

			{
				"name": "L2",
				"groups":
				[
					"%AP_UD_BUS_PSG_INBOUND_CONSULTANT%"
				]
			},

			{
				"name": "L2",
				"groups":
				[
					"%AP_UD_BUS_PSG_INBOUND_MANAGER%"
				]
			}
		]
	},

	"filters":
	{
		"Processor Withdrawals - L3":
		[
			{
				"@type": "unassigned",
				"queues":
				[
					"PO_Processor"
				],

				"filters": "(TC_Segment = 'TIAA' OR TC_Segment = 'KI - TIAA' OR TC_Segment = 'KI - TCSRestricted' OR TC_Segment = 'TCSRestricted' OR TC_Segment = 'KI - WMClient' OR TC_Segment = 'WMClient' OR TC_Segment = 'Premier' OR TC_Segment = 'KI - Premier' OR TC_Segment = 'Other'  OR TC_Segment = 'KI - Other') AND (TC_CaseType not like 'Loan%') AND (F_StepName not like 'Perform Hardship Calc Resolution%' and F_StepName not like 'Perform Hardship Calculation%' and  F_StepName not like 'Perform Hardship Calc Quality Check%')"
			},

			{
				"@type": "pended",
				"queues":
				[
					"PO_ProcessorPended"
				],

				"filters": "(TC_Segment = 'TIAA' OR TC_Segment = 'KI - TIAA' OR TC_Segment = 'KI - TCSRestricted' OR TC_Segment = 'TCSRestricted' OR TC_Segment = 'KI - WMClient'  OR TC_Segment = 'WMClient' OR TC_Segment = 'Premier' OR TC_Segment = 'KI - Premier' OR TC_Segment = 'Other'  OR TC_Segment = 'KI - Other') AND (TC_CaseType not like 'Loan%') AND  (F_StepName not like 'Perform Hardship Calc Resolution%' and F_StepName not like 'Perform Hardship Calculation%' and  F_StepName not like 'Perform Hardship Calc Quality Check%')"
			}
		],

		"Processor Withdrawals - L2":
		[
			{
				"@type": "unassigned",
				"queues":
				[
					"PO_Processor"
				],

				"filters": "(TC_Segment = 'KI - TCSRestricted' OR TC_Segment = 'TCSRestricted' OR TC_Segment = 'KI - WMClient'  OR TC_Segment = 'KI - Premier'  OR TC_Segment = 'KI - Other' OR TC_Segment = 'WMClient'  OR TC_Segment = 'Premier'  OR TC_Segment = 'Other') AND (TC_CaseType not like 'Loan%') AND (F_StepName not like 'Perform Hardship Calc Resolution%' and F_StepName not like 'Perform Hardship Calculation%' and  F_StepName not like 'Perform Hardship Calc Quality Check%')"
			},

			{
				"@type": "pended",
				"queues":
				[
					"PO_ProcessorPended"
				],

				"filters": "(TC_Segment = 'KI - TCSRestricted' OR TC_Segment = 'TCSRestricted' OR TC_Segment = 'KI - WMClient'  OR TC_Segment = 'KI - Premier'  OR TC_Segment = 'KI - Other' OR TC_Segment = 'WMClient'  OR TC_Segment = 'Premier'  OR TC_Segment = 'Other') AND (TC_CaseType not like 'Loan%') AND (F_StepName not like 'Perform Hardship Calc Resolution%' and F_StepName not like 'Perform Hardship Calculation%' and  F_StepName not like 'Perform Hardship Calc Quality Check%')"
			}
		],

		"Processor Withdrawals":
		[
			{
				"@type": "unassigned",
				"queues":
				[
					"PO_Processor"
				],

				"filters": "(TC_Segment = 'WMClient' OR TC_Segment = 'Premier'  OR TC_Segment = 'Other'  OR TC_Segment = 'KI - WMClient'  OR TC_Segment = 'KI - Premier'  OR TC_Segment = 'KI - Other')  AND (TC_CaseType not like 'Loan%') AND (F_StepName not like 'Perform Hardship Calc Resolution%' and F_StepName not like 'Perform Hardship Calculation%' and  F_StepName not like 'Perform Hardship Calc Quality Check%')"
			},

			{
				"@type": "pended",
				"queues":
				[
					"PO_ProcessorPended"
				],

				"filters": "(TC_Segment = 'WMClient' OR TC_Segment = 'Premier'  OR TC_Segment = 'Other'  OR TC_Segment = 'KI - WMClient'  OR TC_Segment = 'KI - Premier'  OR TC_Segment = 'KI - Other')  AND (TC_CaseType not like 'Loan%') AND (F_StepName not like 'Perform Hardship Calc Resolution%' and F_StepName not like 'Perform Hardship Calculation%' and  F_StepName not like 'Perform Hardship Calc Quality Check%')"
			}
		],

		"Processor Loans - L3":
		[
			{
				"@type": "unassigned",
				"queues":
				[
					"PO_Processor"
				],

				"filters": "(TC_Segment = 'TIAA' OR TC_Segment = 'KI - TIAA' OR TC_Segment = 'KI - TCSRestricted' OR TC_Segment = 'TCSRestricted' OR TC_Segment = 'KI - WMClient'  OR TC_Segment = 'WMClient' OR TC_Segment = 'Premier' OR TC_Segment = 'KI - Premier' OR TC_Segment = 'Other'  OR TC_Segment = 'KI - Other') AND (TC_CaseType like 'Loan%')"
			},

			{
				"@type": "pended",
				"queues":
				[
					"PO_ProcessorPended"
				],

				"filters": "(TC_Segment = 'TIAA' OR TC_Segment = 'KI - TIAA' OR TC_Segment = 'KI - TCSRestricted' OR TC_Segment = 'TCSRestricted' OR TC_Segment = 'KI - WMClient'  OR TC_Segment = 'WMClient' OR TC_Segment = 'Premier' OR TC_Segment = 'KI - Premier' OR TC_Segment = 'Other'  OR TC_Segment = 'KI - Other') AND (TC_CaseType like 'Loan%')"
			}
		],

		"Processor Loans - L2":
		[
			{
				"@type": "unassigned",
				"queues":
				[
					"PO_Processor"
				],

				"filters": "(TC_Segment = 'KI - TCSRestricted' OR TC_Segment = 'TCSRestricted' OR TC_Segment = 'KI - WMClient'  OR TC_Segment = 'KI - Premier'  OR TC_Segment = 'KI - Other' OR TC_Segment = 'WMClient'  OR TC_Segment = 'Premier'  OR TC_Segment = 'Other') AND (TC_CaseType like 'Loan%')"
			},

			{
				"@type": "pended",
				"queues":
				[
					"PO_ProcessorPended"
				],

				"filters": "(TC_Segment = 'KI - TCSRestricted' OR TC_Segment = 'TCSRestricted' OR TC_Segment = 'KI - WMClient'  OR TC_Segment = 'KI - Premier'  OR TC_Segment = 'KI - Other' OR TC_Segment = 'WMClient'  OR TC_Segment = 'Premier'  OR TC_Segment = 'Other') AND (TC_CaseType like 'Loan%')"
			}
		],

		"Processor Loans":
		[
			{
				"@type": "unassigned",
				"queues":
				[
					"PO_Processor"
				],

				"filters": "(TC_Segment = 'WMClient'  OR TC_Segment = 'Premier'  OR TC_Segment = 'Other'  OR TC_Segment = 'KI - WMClient'  OR TC_Segment = 'KI - Premier'  OR TC_Segment = 'KI - Other')  AND (TC_CaseType like 'Loan%')"
			},

			{
				"@type": "pended",
				"queues":
				[
					"PO_ProcessorPended"
				],

				"filters": "(TC_Segment = 'WMClient'  OR TC_Segment = 'Premier'  OR TC_Segment = 'Other'  OR TC_Segment = 'KI - WMClient'  OR TC_Segment = 'KI - Premier'  OR TC_Segment = 'KI - Other')  AND (TC_CaseType like 'Loan%')"
			}
		],

		"Processor TPA - L3":
		[
			{
				"@type": "unassigned",
				"queues":
				[
					"PO_Processor"
				],

				"filters": "(TC_Segment = 'TIAA' OR TC_Segment = 'KI - TIAA' OR TC_Segment = 'KI - TCSRestricted' OR TC_Segment = 'TCSRestricted' OR TC_Segment = 'KI - WMClient'  OR TC_Segment = 'WMClient' OR TC_Segment = 'Premier' OR TC_Segment = 'KI - Premier' OR TC_Segment = 'Other'  OR TC_Segment = 'KI - Other') AND (TaskType like 'Review Third Party Admin Doc%')"
			},

			{
				"@type": "pended",
				"queues":
				[
					"PO_ProcessorPended"
				],

				"filters": "(TC_Segment = 'TIAA' OR TC_Segment = 'KI - TIAA' OR TC_Segment = 'KI - TCSRestricted' OR TC_Segment = 'TCSRestricted' OR TC_Segment = 'KI - WMClient'  OR TC_Segment = 'WMClient' OR TC_Segment = 'Premier' OR TC_Segment = 'KI - Premier' OR TC_Segment = 'Other'  OR TC_Segment = 'KI - Other') AND (TaskType like 'Review Third Party Admin Doc%')"
			}
		],

		"Processor TPA - L2":
		[
			{
				"@type": "unassigned",
				"queues":
				[
					"PO_Processor"
				],

				"filters": "(TC_Segment = 'KI - TCSRestricted' OR TC_Segment = 'TCSRestricted' OR TC_Segment = 'KI - WMClient'  OR TC_Segment = 'KI - Premier'  OR TC_Segment = 'KI - Other' OR TC_Segment = 'WMClient'  OR TC_Segment = 'Premier'  OR TC_Segment = 'Other') AND (TaskType like 'Review Third Party Admin Doc%')"
			},

			{
				"@type": "pended",
				"queues":
				[
					"PO_ProcessorPended"
				],

				"filters": "(TC_Segment = 'KI - TCSRestricted' OR TC_Segment = 'TCSRestricted' OR TC_Segment = 'KI - WMClient'  OR TC_Segment = 'KI - Premier'  OR TC_Segment = 'KI - Other' OR TC_Segment = 'WMClient'  OR TC_Segment = 'Premier'  OR TC_Segment = 'Other') AND (TaskType like 'Review Third Party Admin Doc%')"
			}
		],

		"Processor TPA":
		[
			{
				"@type": "unassigned",
				"queues":
				[
					"PO_Processor"
				],

				"filters": "(TC_Segment = 'WMClient'  OR TC_Segment = 'Premier'  OR TC_Segment = 'Other'  OR TC_Segment = 'KI - WMClient'  OR TC_Segment = 'KI - Premier'  OR TC_Segment = 'KI - Other') AND (TaskType like 'Review Third Party Admin Doc%')"
			},

			{
				"@type": "pended",
				"queues":
				[
					"PO_ProcessorPended"
				],

				"filters": "(TC_Segment = 'WMClient'  OR TC_Segment = 'Premier'  OR TC_Segment = 'Other'  OR TC_Segment = 'KI - WMClient'  OR TC_Segment = 'KI - Premier'  OR TC_Segment = 'KI - Other') AND (TaskType like 'Review Third Party Admin Doc%')"
			}
		],

		"QCProcessor - L3":
		[
			{
				"@type": "unassigned",
				"queues":
				[
					"PO_QCAssociate"
				],

				"filters": "(TC_Segment = 'TIAA' OR TC_Segment = 'KI - TIAA' OR TC_Segment = 'KI - TCSRestricted' OR TC_Segment = 'TCSRestricted' OR TC_Segment = 'KI - WMClient'  OR TC_Segment = 'WMClient' OR TC_Segment = 'Premier' OR TC_Segment = 'KI - Premier' OR TC_Segment = 'Other'  OR TC_Segment = 'KI - Other')"
			},

			{
				"@type": "pended",
				"queues":
				[
					"PO_QCAssociatePended"
				],

				"filters": "(TC_Segment = 'TIAA' OR TC_Segment = 'KI - TIAA' OR TC_Segment = 'KI - TCSRestricted' OR TC_Segment = 'TCSRestricted' OR TC_Segment = 'KI - WMClient'  OR TC_Segment = 'WMClient' OR TC_Segment = 'Premier' OR TC_Segment = 'KI - Premier' OR TC_Segment = 'Other'  OR TC_Segment = 'KI - Other')"
			}
		],

		"QCProcessor - L2":
		[
			{
				"@type": "unassigned",
				"queues":
				[
					"PO_QCAssociate"
				],

				"filters": "(TC_Segment = 'KI - TCSRestricted' OR TC_Segment = 'TCSRestricted' OR TC_Segment = 'KI - WMClient'  OR TC_Segment = 'KI - Premier'  OR TC_Segment = 'KI - Other' OR TC_Segment = 'WMClient'  OR TC_Segment = 'Premier'  OR TC_Segment = 'Other')"
			},

			{
				"@type": "pended",
				"queues":
				[
					"PO_QCAssociatePended"
				],

				"filters": "(TC_Segment = 'KI - TCSRestricted' OR TC_Segment = 'TCSRestricted' OR TC_Segment = 'KI - WMClient'  OR TC_Segment = 'KI - Premier'  OR TC_Segment = 'KI - Other' OR TC_Segment = 'WMClient'  OR TC_Segment = 'Premier'  OR TC_Segment = 'Other')"
			}
		],

		"QCProcessor":
		[
			{
				"@type": "unassigned",
				"queues":
				[
					"PO_QCAssociate"
				],

				"filters": "(TC_Segment = 'KI - WMClient'  OR TC_Segment = 'KI - Premier'  OR TC_Segment = 'KI - Other' OR TC_Segment = 'WMClient'  OR TC_Segment = 'Premier'  OR TC_Segment = 'Other')"
			},

			{
				"@type": "pended",
				"queues":
				[
					"PO_QCAssociatePended"
				],

				"filters": "(TC_Segment = 'KI - WMClient'  OR TC_Segment = 'KI - Premier'  OR TC_Segment = 'KI - Other' OR TC_Segment = 'WMClient'  OR TC_Segment = 'Premier'  OR TC_Segment = 'Other')"
			}
		],

		"Queue Manager - L3":
		[
			{
				"@type": "unassigned",
				"queues":
				[
					"PO_Processor",
					"PO_QCAssociate"
				],

				"filters": "(TC_Segment = 'TIAA' OR TC_Segment = 'KI - TIAA' OR TC_Segment = 'KI - TCSRestricted' OR TC_Segment = 'TCSRestricted' OR TC_Segment = 'KI - WMClient'  OR TC_Segment = 'WMClient' OR TC_Segment = 'Premier' OR TC_Segment = 'KI - Premier' OR TC_Segment = 'Other'  OR TC_Segment = 'KI - Other')"
			},

			{
				"@type": "pended",
				"queues":
				[
					"PO_ProcessorPended",
					"PO_QCAssociatePended"
				],

				"filters": "(TC_Segment = 'TIAA' OR TC_Segment = 'KI - TIAA' OR TC_Segment = 'KI - TCSRestricted' OR TC_Segment = 'TCSRestricted' OR TC_Segment = 'KI - WMClient'  OR TC_Segment = 'WMClient' OR TC_Segment = 'Premier' OR TC_Segment = 'KI - Premier' OR TC_Segment = 'Other'  OR TC_Segment = 'KI - Other')"
			},
			{
				"@type": "allassigned",
				"queues":
				[
					"Inbox(0)"
				],

				"filters": "(TC_Segment = 'TIAA' OR TC_Segment = 'KI - TIAA' OR TC_Segment = 'KI - TCSRestricted' OR TC_Segment = 'TCSRestricted' OR TC_Segment = 'KI - WMClient'  OR TC_Segment = 'WMClient' OR TC_Segment = 'Premier' OR TC_Segment = 'KI - Premier' OR TC_Segment = 'Other'  OR TC_Segment = 'KI - Other') AND solutionIdentifier = 'PO_Payout Operations'"
			}
		],

		"Queue Manager - L2":
		[
			{
				"@type": "unassigned",
				"queues":
				[
					"PO_Processor",
					"PO_QCAssociate"
				],


				"filters": "(TC_Segment = 'KI - TCSRestricted' OR TC_Segment = 'TCSRestricted' OR TC_Segment = 'KI - WMClient'  OR TC_Segment = 'KI - Premier'  OR TC_Segment = 'KI - Other' OR TC_Segment = 'WMClient'  OR TC_Segment = 'Premier'  OR TC_Segment = 'Other')"
			},

			{
				"@type": "pended",
				"queues":
				[
					"PO_ProcessorPended",
					"PO_QCAssociatePended"
				],

				"filters": "(TC_Segment = 'KI - TCSRestricted' OR TC_Segment = 'TCSRestricted' OR TC_Segment = 'KI - WMClient'  OR TC_Segment = 'KI - Premier'  OR TC_Segment = 'KI - Other' OR TC_Segment = 'WMClient'  OR TC_Segment = 'Premier'  OR TC_Segment = 'Other')"
			},
			{
				"@type": "allassigned",
				"queues":
				[
					"Inbox(0)"
				],


				"filters": "(TC_Segment = 'KI - TCSRestricted' OR TC_Segment = 'TCSRestricted' OR TC_Segment = 'KI - WMClient'  OR TC_Segment = 'KI - Premier'  OR TC_Segment = 'KI - Other' OR TC_Segment = 'WMClient'  OR TC_Segment = 'Premier'  OR TC_Segment = 'Other') AND solutionIdentifier = 'PO_Payout Operations'"
			}
		],

		"Queue Manager":
		[
			{
				"@type": "unassigned",
				"queues":
				[
					"PO_Processor",
					"PO_QCAssociate"
				],
				"filters": "(TC_Segment = 'WMClient'  OR TC_Segment = 'Premier'  OR TC_Segment = 'Other'  OR TC_Segment = 'KI - WMClient'  OR TC_Segment = 'KI - Premier'  OR TC_Segment = 'KI - Other')"
			},

			{
				"@type": "pended",
				"queues":
				[
					"PO_ProcessorPended",
					"PO_QCAssociatePended"
				],

				"filters": "(TC_Segment = 'WMClient'  OR TC_Segment = 'Premier'  OR TC_Segment = 'Other'  OR TC_Segment = 'KI - WMClient'  OR TC_Segment = 'KI - Premier'  OR TC_Segment = 'KI - Other')"
			},
			{
				"@type": "allassigned",
				"queues":
				[
					"Inbox(0)"
				],
				"filters": "(TC_Segment = 'WMClient'  OR TC_Segment = 'Premier'  OR TC_Segment = 'Other'  OR TC_Segment = 'KI - WMClient'  OR TC_Segment = 'KI - Premier'  OR TC_Segment = 'KI - Other') AND solutionIdentifier = 'PO_Payout Operations'"
			}
		],
		"Dispute Administrator - L3":
		[
			{
				"@type": "unassigned",
				"queues":
				[
					"PO_DisputeAdministrator"
				],

				"filters": "(TC_Segment = 'TIAA' OR TC_Segment = 'KI - TIAA' OR TC_Segment = 'KI - TCSRestricted' OR TC_Segment = 'TCSRestricted' OR TC_Segment = 'KI - WMClient'  OR TC_Segment = 'WMClient' OR TC_Segment = 'Premier' OR TC_Segment = 'KI - Premier' OR TC_Segment = 'Other'  OR TC_Segment = 'KI - Other')"
			}
		],

		"Dispute Administrator - L2":
		[
			{
				"@type": "unassigned",
				"queues":
				[
					"PO_DisputeAdministrator"
				],
				"filters": "(TC_Segment = 'KI - TCSRestricted' OR TC_Segment = 'TCSRestricted' OR TC_Segment = 'KI - WMClient'  OR TC_Segment = 'KI - Premier'  OR TC_Segment = 'KI - Other' OR TC_Segment = 'WMClient'  OR TC_Segment = 'Premier'  OR TC_Segment = 'Other')"
			}
		],

		"Dispute Administrator":
		[
			{
				"@type": "unassigned",
				"queues":
				[
					"PO_DisputeAdministrator"
				],
				"filters": "(TC_Segment = 'WMClient'  OR TC_Segment = 'Premier'  OR TC_Segment = 'Other'  OR TC_Segment = 'KI - WMClient'  OR TC_Segment = 'KI - Premier'  OR TC_Segment = 'KI - Other')"
			}

		],
		"CCT Role - L3":
		[
			{
				"@type": "unassigned",
				"queues":
				[
					"PO_Processor"
				],

				"filters": "(TC_Segment = 'TIAA' OR TC_Segment = 'KI - TIAA' OR TC_Segment = 'KI - TCSRestricted' OR TC_Segment = 'TCSRestricted' OR TC_Segment = 'KI - WMClient'  OR TC_Segment = 'WMClient' OR TC_Segment = 'Premier' OR TC_Segment = 'KI - Premier' OR TC_Segment = 'Other'  OR TC_Segment = 'KI - Other') AND (TC_CaseType not like 'Loan%')"
			},

			{
				"@type": "pended",
				"queues":
				[
					"PO_ProcessorPended"
				],

				"filters": "(TC_Segment = 'TIAA' OR TC_Segment = 'KI - TIAA' OR TC_Segment = 'KI - TCSRestricted' OR TC_Segment = 'TCSRestricted' OR TC_Segment = 'KI - WMClient'  OR TC_Segment = 'WMClient' OR TC_Segment = 'Premier' OR TC_Segment = 'KI - Premier' OR TC_Segment = 'Other'  OR TC_Segment = 'KI - Other') AND (TC_CaseType not like 'Loan%')"
			}
		],

		"CCT Role - L2":
		[
			{
				"@type": "unassigned",
				"queues":
				[
					"PO_Processor"
				],

				"filters": "(TC_Segment = 'KI - TCSRestricted' OR TC_Segment = 'TCSRestricted' OR TC_Segment = 'KI - WMClient'  OR TC_Segment = 'KI - Premier'  OR TC_Segment = 'KI - Other' OR TC_Segment = 'WMClient'  OR TC_Segment = 'Premier'  OR TC_Segment = 'Other') AND (TC_CaseType not like 'Loan%')"
			},

			{
				"@type": "pended",
				"queues":
				[
					"PO_ProcessorPended"
				],

				"filters": "(TC_Segment = 'KI - TCSRestricted' OR TC_Segment = 'TCSRestricted' OR TC_Segment = 'KI - WMClient'  OR TC_Segment = 'KI - Premier'  OR TC_Segment = 'KI - Other' OR TC_Segment = 'WMClient'  OR TC_Segment = 'Premier'  OR TC_Segment = 'Other') AND (TC_CaseType not like 'Loan%')"
			}
		],

		"CCT Role":
		[
			{
				"@type": "unassigned",
				"queues":
				[
					"PO_Processor"
				],

				"filters": "(TC_Segment = 'WMClient'  OR TC_Segment = 'Premier'  OR TC_Segment = 'Other'  OR TC_Segment = 'KI - WMClient'  OR TC_Segment = 'KI - Premier'  OR TC_Segment = 'KI - Other')  AND (TC_CaseType not like 'Loan%')"
			},

			{
				"@type": "pended",
				"queues":
				[
					"PO_ProcessorPended"
				],

				"filters": "(TC_Segment = 'WMClient'  OR TC_Segment = 'Premier'  OR TC_Segment = 'Other'  OR TC_Segment = 'KI - WMClient'  OR TC_Segment = 'KI - Premier'  OR TC_Segment = 'KI - Other')  AND (TC_CaseType not like 'Loan%')"
			}
		]

	}
}