{
	"profile": "true",
	"solutionIdentifier" : "PMO_Participant Maintenance Operations",
	"genericCaseType" : "PMO_ParticipantRequest",
	"inbasketHeaders":
	[
		{
			"type": "Unassigned",
			"headers":
			{
				"ConfirmationNumber":
				{
					"displayName": "Confirmation #",
					"type": "String"
				},

				"CaseType":
				{
					"displayName": "Case Type",
					"type": "String"
				},

				"F_StepName":
				{
					"displayName": "Step Name",
					"type": "String"
				},

				"PIN":
				{
					"displayName": "PIN",
					"type": "String"
				},

				"Employer":
				{
					"displayName": "Employer",
					"type": "String"
				},

				"Channel":
				{
					"displayName": "Channel",
					"type": "String"
				},

				"ReceivedDate":
				{
					"displayName": "Received Date",
					"type": "Date"
				},

				"Segment":
				{
					"displayName": "Segment",
					"type": "String"
				},

				"Priority":
				{
					"displayName": "Priority",
					"type": "String"
				}
			}
		},

		{
			"type": "Pended",
			"headers":
			{
				"ConfirmationNumber":
				{
					"displayName": "Confirmation #",
					"type": "String"
				},

				"CaseType":
				{
					"displayName": "Case Type",
					"type": "String"
				},

				"F_StepName":
				{
					"displayName": "Step Name",
					"type": "String"
				},

				"PIN":
				{
					"displayName": "PIN",
					"type": "String"
				},

				"Employer":
				{
					"displayName": "Employer",
					"type": "String"
				},

				"Channel":
				{
					"displayName": "Channel",
					"type": "String"
				},

				"ReceivedDate":
				{
					"displayName": "Received Date",
					"type": "Date"

				},

				"Segment":
				{
					"displayName": "Segment",
					"type": "String"
				},

				"Priority":
				{
					"displayName": "Priority",
					"type": "String"
				},

				"WakeDateTimeET":
				{
					"displayName": "Wake Date/Time(ET)",
					"type": "Date"
				}
			}
		},

		{
			"type": "AllAssigned",
			"headers":
			{
				"ConfirmationNumber":
				{
					"displayName": "Confirmation #",
					"type": "String"
				},

				"CaseType":
				{
					"displayName": "Case Type",
					"type": "String"
				},

				"F_StepName":
				{
					"displayName": "Step Name",
					"type": "String"
				},

				"PIN":
				{
					"displayName": "PIN",
					"type": "String"
				},

				"Employer":
				{
					"displayName": "Employer",
					"type": "String"
				},

				"Channel":
				{
					"displayName": "Channel",
					"type": "String"
				},

				"ReceivedDate":
				{
					"displayName": "Received Date",
					"type": "Date"
				},

				"Segment":
				{
					"displayName": "Segment",
					"type": "String"
				},

				"Priority":
				{
					"displayName": "Priority",
					"type": "String"
				},

				"F_BoundUser":
				{
					"displayName": "Assigned To",
					"type": "String"
				}
			}
		}
	],

	"roles":
	[
		{
			"name": "Processor",
			"groups":
			[
				"AP_UD_BUS_OPS_PROCESSOR"
			]
		},

		{
			"name": "Queue Manager",
			"groups":
			[
				"AP_UD_BUS_OPS_PROCESSOR_MANAGER"
			]
		}

	],

	"profiles":
	{
		"@type": "order",
		"list":
		[
			{
				"name": "L3",
				"groups":
				[
					"IS_PD_TIAAEMP_AM",
					"AP_UD_SPC_ONSHORE_USER"
				]
			},

			{
				"name": "L2",
				"groups":
				[
					"AP_UD_SPC_ONSHORE_USER"
				]
			}
		]
	},

	"filters":
	{
		"Processor - L3":
		[
			{
				"@type": "unassigned",
				"queues":
				[
					"PMO_Processor"
				],
				"filters": "StepStatus <> 'Pended'"
			},
			{
				"@type": "pended",
				"queues":
				[
					"PMO_Processor"
				],
				"filters": "StepStatus = 'Pended'"
			}

		],

		"Processor - L2":
		[
			{
				"@type": "unassigned",
				"queues":
				[
					"PMO_Processor"
				],
				"filters": "StepStatus <> 'Pended' AND Segment <> 'TIAA' AND Segment <> 'KI - TIAA'"

			},
			{
				"@type": "pended",
				"queues":
				[
					"PMO_Processor"
				],
				"filters": "StepStatus = 'Pended' AND Segment <> 'TIAA' AND Segment <> 'KI - TIAA'"
			}

		],

		"Processor":
		[
			{
				"@type": "unassigned",
				"queues":
				[
					"PMO_Processor"
				],
				"filters": "StepStatus <> 'Pended'"
			},
			{
				"@type": "pended",
				"queues":
				[
					"PMO_Processor"
				],
				"filters": "StepStatus = 'Pended'"
			}
		],

		"Queue Manager - L3":
		[
			{
				"@type": "unassigned",
				"queues":
				[
					"PMO_Processor"
				],
				"filters": "StepStatus <> 'Pended'"
			},
			{
				"@type": "pended",
				"queues":
				[
					"PMO_Processor"
				],
				"filters": "StepStatus = 'Pended'"
			},
			{
				"@type": "allassigned",
				"queues":
				[
					"Inbox(0)"
				],
				"filters": "StepStatus <> 'Pended' AND solutionIdentifier = 'PMO_Participant Maintenance Operations'"
			}
		],

		"Queue Manager - L2":
		[
			{
				"@type": "unassigned",
				"queues":
				[
					"PMO_Processor"
				],
				"filters": "StepStatus <> 'Pended' AND Segment <> 'TIAA' AND Segment <> 'KI - TIAA'"
			},
			{
				"@type": "pended",
				"queues":
				[
					"PMO_Processor"
				],
				"filters": "StepStatus = 'Pended' AND Segment <> 'TIAA' AND Segment <> 'KI - TIAA'"
			},
			{
				"@type": "allassigned",
				"queues":
				[
					"PMO_Processor"
				],
				"filters": "StepStatus <> 'Pended' AND Segment <> 'TIAA' AND Segment <> 'KI - TIAA' AND solutionIdentifier = 'PMO_Participant Maintenance Operations'"
			}
		],

		"Queue Manager":
		[
			{
				"@type": "unassigned",
				"queues":
				[
					"PMO_Processor"
				],
				"filters": "StepStatus <> 'Pended'"
			},
			{
				"@type": "pended",
				"queues":
				[
					"PMO_Processor"
				],
				"filters": "StepStatus = 'Pended'"
			},
			{
				"@type": "allassigned",
				"queues":
				[
					"Inbox(0)"
				],
				"filters": "StepStatus <> 'Pended' AND solutionIdentifier = 'PMO_Participant Maintenance Operations''"
			}
		]
	}
}




