{
	"profile": "true",
	"solutionIdentifier":"TO_Transfer Operations",
	"genericCaseType" : "TO_TransferRequest",
	"inbasketHeaders":
	[
		{
			"type": "Unassigned",
			"headers":
			{
				"ConfirmationNumber":
				{
					"displayName": "Confirmation #",
					"type": "String"

				},

				"CaseType":
				{
					"displayName": "Case Type",
					"type": "String"

				},

				"F_StepName":
				{
					"displayName": "Step Name",
					"type": "String"

				},

				"Amount":
				{
					"displayName": "Amount",
					"type": "String"

				},

				"PIN":
				{
					"displayName": "PIN",
					"type": "String"

				},

				"PlanNumber":
				{
					"displayName": "Plan #",
					"type": "String"

				},

				"OPSChannel":
				{
					"displayName": "Channel",
					"type": "String"

				},

				"TradeDate":
				{
					"displayName": "Trade Date",
					"type": "Date"

				},

				"ReceivedDate":
				{
					"displayName": "Received Date(ET)",
					"type": "Date"

				},

				"Segment":
				{
					"displayName": "Segment",
					"type": "String"

				},

				"Priority":
				{
					"displayName": "Priority",
					"type": "String"

				}

			}
		},

		{
			"type": "Pended",
			"headers":
			{
				"ConfirmationNumber":
				{
					"displayName": "Confirmation #",
					"type": "String"

				},

				"CaseType":
				{
					"displayName": "Case Type",
					"type": "String"

				},

				"F_StepName":
				{
					"displayName": "Step Name",
					"type": "String"

				},

				"Amount":
				{
					"displayName": "Amount",
					"type": "String"

				},

				"PIN":
				{
					"displayName": "PIN",
					"type": "String"

				},

				"PlanNumber":
				{
					"displayName": "Plan #",
					"type": "String"

				},

				"OPSChannel":
				{
					"displayName": "Channel",
					"type": "String"

				},

				"TradeDate":
				{
					"displayName": "Trade Date",
					"type": "Date"

				},

				"ReceivedDate":
				{
					"displayName": "Received Date(ET)",
					"type": "Date"

				},
				"WakeDateTimeET":
				{
					"displayName": "Wake Date/Time(ET)",
					"type": "Date"

				},
				"Segment":
				{
					"displayName": "Segment",
					"type": "String"

				},

				"Priority":
				{
					"displayName": "Priority",
					"type": "String"

				}

			}
		},

		{
			"type": "AllAssigned",
			"headers":
			{
				"ConfirmationNumber":
				{
					"displayName": "Confirmation #",
					"type": "String"

				},

				"CaseType":
				{
					"displayName": "Case Type",
					"type": "String"

				},

				"F_StepName":
				{
					"displayName": "Step Name",
					"type": "String"

				},

				"Amount":
				{
					"displayName": "Amount",
					"type": "String"

				},

				"PIN":
				{
					"displayName": "PIN",
					"type": "String"

				},

				"PlanNumber":
				{
					"displayName": "Plan #",
					"type": "String"

				},

				"OPSChannel":
				{
					"displayName": "Channel",
					"type": "String"

				},

				"TradeDate":
				{
					"displayName": "Trade Date",
					"type": "Date"

				},

				"ReceivedDate":
				{
					"displayName": "Received Date(ET)",
					"type": "Date"

				},
				"F_BoundUser":
				{
					"displayName": "Assigned To",
					"type": "String"

				},
				"Segment":
				{
					"displayName": "Segment",
					"type": "String"

				},

				"Priority":
				{
					"displayName": "Priority",
					"type": "String"

				}

			}
		}
	],

	"roles":
	[
		{
			"name": "Processor",
			"groups":
			[
				"AP_UD_APP_CM_OPS_PROCESSOR_TRANSFERS"
			]
		},
		{
			"name": "Processor",
			"groups":
			[
				"AP_UD_SPC_CCT_DUAL_USAGE"
			]
		},
		{
			"name": "QCProcessor",
			"groups":
			[
				"AP_UD_BUS_OPS_QUALITY_CONTROL_ASSOCIATE"
			]
		},
		{
			"name": "Queue Manager",
			"groups":
			[
				"AP_UD_BUS_OPS_PROCESSOR_MANAGER"
			]
		},
		{
			"name": "Dispute Administrator",
			"groups":
			[
				"AP_UD_BUS_OPS_QUALITY_CONTROL_DISPUTE_ADMINISTRATOR"
			]
		}
	],

	"profiles":
	{
		"@type": "order",
		"list":
		[
			{
				"name": "L3",
				"groups":
				[
					"AP_UD_SPC_ONSHORE_USER",
					"IS_PD_TIAAEMP_AM"
				]
			},
			{
				"name": "L2",
				"groups":
				[
					"AP_UD_SPC_ONSHORE_USER"
				]
			}
		]
	},

	"filters":
	{
		"Processor - L3":
		[
			{
				"@type": "unassigned",
				"queues":
				[
					"TO_Processor"
				],
				"filters": "StepStatus <> 'Pended' AND (Segment = 'TIAA' OR Segment = 'KI - TIAA' OR Segment = 'KI - TCSRestricted' OR Segment = 'TCSRestricted'  OR Segment = 'KI - WMClient'  OR Segment = 'KI - Premier'  OR Segment = 'KI - Other' OR Segment = 'WMClient'  OR Segment = 'Premier'  OR Segment = 'Other')"
			},

			{
				"@type": "pended",
				"queues":
				[
					"TO_Processor"
				],
				"filters": "StepStatus = 'Pended'"
			}
		],

		"Processor - L2":
		[
			{
				"@type": "unassigned",
				"queues":
				[
					"TO_Processor"
				],

				"filters": "StepStatus <> 'Pended' AND (Segment = 'KI - TCSRestricted' OR Segment = 'TCSRestricted' OR Segment = 'KI - WMClient'  OR Segment = 'KI - Premier'  OR Segment = 'KI - Other' OR Segment = 'WMClient'  OR Segment = 'Premier'  OR Segment = 'Other')"
			},

			{
				"@type": "pended",
				"queues":
				[
					"TO_Processor"
				],

				"filters": "StepStatus = 'Pended' AND (Segment = 'KI - TCSRestricted' OR Segment = 'TCSRestricted' OR Segment = 'KI - WMClient'  OR Segment = 'KI - Premier'  OR Segment = 'KI - Other' OR Segment = 'WMClient'  OR Segment = 'Premier'  OR Segment = 'Other')"
			}
		],

		"Processor":
		[
			{
				"@type": "unassigned",
				"queues":
				[
					"TO_Processor"
				],

				"filters": "StepStatus <> 'Pended' AND (Segment = 'KI - WMClient'  OR Segment = 'KI - Premier'  OR Segment = 'KI - Other' OR Segment = 'WMClient'  OR Segment = 'Premier'  OR Segment = 'Other')"
			},
			{
				"@type": "pended",
				"queues":
				[
					"TO_Processor"
				],

				"filters": "StepStatus = 'Pended' AND (Segment = 'KI - WMClient'  OR Segment = 'KI - Premier'  OR Segment = 'KI - Other' OR Segment = 'WMClient'  OR Segment = 'Premier'  OR Segment = 'Other')"
			}
		],
		"QCProcessor - L3":
		[
			{
				"@type": "unassigned",
				"queues":
				[
					"TO_QCProcessor"
				],

				"filters": "StepStatus <> 'Pended' AND (Segment = 'TIAA' OR Segment = 'KI - TIAA' OR Segment = 'KI - TCSRestricted' OR Segment = 'TCSRestricted'  OR Segment = 'KI - WMClient'  OR Segment = 'KI - Premier'  OR Segment = 'KI - Other' OR Segment = 'WMClient'  OR Segment = 'Premier'  OR Segment = 'Other') "
			},

			{
				"@type": "pended",
				"queues":
				[
					"TO_QCProcessor"
				],

				"filters": "StepStatus = 'Pended' AND (Segment = 'TIAA' OR Segment = 'KI - TIAA' OR Segment = 'KI - TCSRestricted' OR Segment = 'TCSRestricted'  OR Segment = 'KI - WMClient'  OR Segment = 'KI - Premier'  OR Segment = 'KI - Other' OR Segment = 'WMClient'  OR Segment = 'Premier'  OR Segment = 'Other')"
			}
		],

		"QCProcessor - L2":
		[
			{
				"@type": "unassigned",
				"queues":
				[
					"TO_QCProcessor"
				],

				"filters": "StepStatus <> 'Pended' AND (Segment = 'KI - TCSRestricted' OR Segment = 'TCSRestricted' OR Segment = 'KI - WMClient'  OR Segment = 'KI - Premier'  OR Segment = 'KI - Other' OR Segment = 'WMClient'  OR Segment = 'Premier'  OR Segment = 'Other')"
			},

			{
				"@type": "pended",
				"queues":
				[
					"TO_QCProcessor"
				],

				"filters": "StepStatus = 'Pended' AND (Segment = 'KI - TCSRestricted' OR Segment = 'TCSRestricted' OR Segment = 'KI - WMClient'  OR Segment = 'KI - Premier'  OR Segment = 'KI - Other' OR Segment = 'WMClient'  OR Segment = 'Premier'  OR Segment = 'Other')"
			}
		],

		"QCProcessor":
		[
			{
				"@type": "unassigned",
				"queues":
				[
					"TO_QCProcessor"
				],

				"filters": "StepStatus <> 'Pended' AND (Segment = 'KI - WMClient'  OR Segment = 'KI - Premier'  OR Segment = 'KI - Other' OR Segment = 'WMClient'  OR Segment = 'Premier'  OR Segment = 'Other')"
			},

			{
				"@type": "pended",
				"queues":
				[
					"TO_QCProcessor"
				],

				"filters": "StepStatus = 'Pended' AND (Segment = 'KI - WMClient'  OR Segment = 'KI - Premier'  OR Segment = 'KI - Other' OR Segment = 'WMClient'  OR Segment = 'Premier'  OR Segment = 'Other')"
			}
		],

		"Queue Manager - L3":
		[
			{
				"@type": "unassigned",
				"queues":
				[
					"TO_Processor",
					"TO_QCProcessor"
				],

				"filters": "StepStatus <> 'Pended' AND (Segment = 'TIAA' OR Segment = 'KI - TIAA' OR Segment = 'KI - TCSRestricted' OR Segment = 'TCSRestricted'  OR Segment = 'KI - WMClient'  OR Segment = 'KI - Premier'  OR Segment = 'KI - Other' OR Segment = 'WMClient'  OR Segment = 'Premier'  OR Segment = 'Other')"
			},

			{
				"@type": "pended",
				"queues":
				[
					"TO_Processor",
					"TO_QCProcessor"
				],

				"filters": "StepStatus = 'Pended' AND (Segment = 'TIAA' OR Segment = 'KI - TIAA' OR Segment = 'KI - TCSRestricted' OR Segment = 'TCSRestricted'  OR Segment = 'KI - WMClient'  OR Segment = 'KI - Premier'  OR Segment = 'KI - Other' OR Segment = 'WMClient'  OR Segment = 'Premier'  OR Segment = 'Other')"
			},
			{
				"@type": "allassigned",
				"queues":
				[
					"Inbox(0)"
				],

				"filters": "StepStatus <> 'Pended' AND (Segment = 'TIAA' OR Segment = 'KI - TIAA' OR Segment = 'KI - TCSRestricted' OR Segment = 'TCSRestricted'  OR Segment = 'KI - WMClient'  OR Segment = 'KI - Premier'  OR Segment = 'KI - Other' OR Segment = 'WMClient'  OR Segment = 'Premier'  OR Segment = 'Other') AND solutionIdentifier = 'TO_Transfer Operations'"
			}
		],

		"Queue Manager - L2":
		[
			{
				"@type": "unassigned",
				"queues":
				[
					"TO_Processor",
					"TO_QCProcessor"
				],

				"filters": "StepStatus <> 'Pended' AND (Segment = 'KI - TCSRestricted' OR Segment = 'TCSRestricted' OR Segment = 'KI - WMClient'  OR Segment = 'KI - Premier'  OR Segment = 'KI - Other' OR Segment = 'WMClient'  OR Segment = 'Premier'  OR Segment = 'Other')"
			},

			{
				"@type": "pended",
				"queues":
				[
					"TO_Processor",
					"TO_QCProcessor"
				],

				"filters": "StepStatus = 'Pended' AND (Segment = 'KI - TCSRestricted' OR Segment = 'TCSRestricted' OR Segment = 'KI - WMClient'  OR Segment = 'KI - Premier'  OR Segment = 'KI - Other' OR Segment = 'WMClient'  OR Segment = 'Premier'  OR Segment = 'Other')"
			},
			{
				"@type": "allassigned",
				"queues":
				[
					"Inbox(0)"
				],

				"filters": "StepStatus <> 'Pended' AND (Segment = 'KI - TCSRestricted' OR Segment = 'TCSRestricted' OR Segment = 'KI - WMClient'  OR Segment = 'KI - Premier'  OR Segment = 'KI - Other' OR Segment = 'WMClient'  OR Segment = 'Premier'  OR Segment = 'Other') AND solutionIdentifier = 'TO_Transfer Operations'"
			}
		],

		"Queue Manager":
		[
			{
				"@type": "unassigned",
				"queues":
				[
					"TO_Processor",
					"TO_QCProcessor"
				],
				"filters": "StepStatus <> 'Pended' AND (Segment = 'KI - WMClient'  OR Segment = 'KI - Premier'  OR Segment = 'KI - Other' OR Segment = 'WMClient'  OR Segment = 'Premier'  OR Segment = 'Other')"
			},

			{
				"@type": "pended",
				"queues":
				[
					"TO_Processor",
					"TO_QCProcessor"
				],

				"filters": "StepStatus = 'Pended' AND (Segment = 'KI - WMClient'  OR Segment = 'KI - Premier'  OR Segment = 'KI - Other' OR Segment = 'WMClient'  OR Segment = 'Premier'  OR Segment = 'Other')"
			},
			{
				"@type": "allassigned",
				"queues":
				[
					"Inbox(0)"
				],
				"filters": "StepStatus <> 'Pended' AND (Segment = 'KI - WMClient'  OR Segment = 'KI - Premier'  OR Segment = 'KI - Other' OR Segment = 'WMClient'  OR Segment = 'Premier'  OR Segment = 'Other') AND solutionIdentifier = 'TO_Transfer Operations'"
			}
		],
		"Dispute Administrator - L3":
		[
			{
				"@type": "unassigned",
				"queues":
				[
					"TO_DisputeAdministrator"
				],

				"filters": "StepStatus <> 'Pended' AND (Segment = 'TIAA' OR Segment = 'KI - TIAA' OR Segment = 'KI - TCSRestricted' OR Segment = 'TCSRestricted'  OR Segment = 'KI - WMClient'  OR Segment = 'KI - Premier'  OR Segment = 'KI - Other' OR Segment = 'WMClient'  OR Segment = 'Premier'  OR Segment = 'Other')"
			}
		],

		"Dispute Administrator - L2":
		[
			{
				"@type": "unassigned",
				"queues":
				[
					"TO_DisputeAdministrator"
				],

				"filters": "StepStatus <> 'Pended' AND (Segment = 'KI - TCSRestricted' OR Segment = 'TCSRestricted' OR Segment = 'KI - WMClient'  OR Segment = 'KI - Premier'  OR Segment = 'KI - Other' OR Segment = 'WMClient'  OR Segment = 'Premier'  OR Segment = 'Other')"
			}
		],

		"Dispute Administrator":
		[
			{
				"@type": "unassigned",
				"queues":
				[
					"TO_DisputeAdministrator"
				],

				"filters": "StepStatus <> 'Pended' AND (Segment = 'KI - WMClient'  OR Segment = 'KI - Premier'  OR Segment = 'KI - Other' OR Segment = 'WMClient'  OR Segment = 'Premier'  OR Segment = 'Other')"
			}

		]
	}
}