<?xml version="1.0" encoding="UTF-8"?>
<beans xmlns="http://www.springframework.org/schema/beans"
	xmlns:xsi="http://www.w3.org/2001/XMLSchema-instance" xmlns:context="http://www.springframework.org/schema/context"
	xmlns:util="http://www.springframework.org/schema/util"
	xmlns:mvc="http://www.springframework.org/schema/mvc"
	xmlns:aop="http://www.springframework.org/schema/aop"
	xsi:schemaLocation="http://www.springframework.org/schema/beans http://www.springframework.org/schema/beans/spring-beans-3.0.xsd 	http://www.springframework.org/schema/context http://www.springframework.org/schema/context/spring-context-3.0.xsd
	http://www.springframework.org/schema/mvc http://www.springframework.org/schema/mvc/spring-mvc-3.0.xsd
	http://www.springframework.org/schema/util http://www.springframework.org/schema/util/spring-util-2.0.xsd
	http://www.springframework.org/schema/aop http://www.springframework.org/schema/aop/spring-aop-3.0.xsd">

<context:component-scan base-package="org.tiaa.cmts_rs" />
	<mvc:annotation-driven />
	<aop:aspectj-autoproxy />


	<bean id="classpathResource" class="org.springframework.core.io.ClassPathResource">
		<constructor-arg name="path"
			value="org/tiaa/cmts_rs/cmts-rs-v1-log4j.xml" />
	</bean>

	<bean id="log4jConfig" class="org.tiaa.cmts_rs.bo.util.Log4JConfig"
		init-method="init">
		<property name="classpathResource" ref="classpathResource" />
	</bean>

	<util:properties id="icmCryptoProps"
		location="file:///app//tiaaconfigs//appparams//icmCrypto.properties" />
	<util:properties id="encryptedConfigProps"
		location="file:///app//tiaaconfigs//appconfigs//cmtsrsv1//cmtsrsv1-config.properties" />
	<!-- Decrypt encrypted-entries in the config file -->
	<bean id="scrambler" class="org.tiaa.cmts_rs.bo.security.Scrambler"
		factory-method="parse">
		<constructor-arg ref="icmCryptoProps" />
	</bean>
	<bean id="configProps" factory-bean="scrambler" factory-method="unScramble">
		<constructor-arg ref="encryptedConfigProps" />
	</bean>
	<context:property-placeholder
		properties-ref="configProps" order="1" ignore-unresolvable="true" />

	<bean id="dataSourceProps" class="org.tiaa.icm.bo.lib.PropertiesUtil"
		factory-method="parseUrl">
		<constructor-arg value="classpath:/org/tiaa/cmts_rs/jdbc-pool.properties" />
	</bean>

	<bean id="cmRepotingDataSourceConfig" class="org.apache.tomcat.jdbc.pool.DataSourceFactory"
		factory-method="parsePoolProperties">
		<constructor-arg ref="dataSourceProps" />
		<property name="url" value="${url}" />
		<property name="username" value="${cmreportingUserId}" />
		<property name="password" value="${cmreportingUserPwd}" />
	</bean>

	<bean id="cmRepotingDataSource" class="org.apache.tomcat.jdbc.pool.DataSource">
		<constructor-arg ref="cmRepotingDataSourceConfig" />
	</bean>

	<bean id="expagDataSourceConfig" class="org.apache.tomcat.jdbc.pool.DataSourceFactory"
		factory-method="parsePoolProperties">
		<constructor-arg ref="dataSourceProps" />
		<property name="url" value="${expagurl}" />
		<property name="username" value="${expagUserId}" />
		<property name="password" value="${expagUserPwd}" />
	</bean>

	<bean id="expagDataSource" class="org.apache.tomcat.jdbc.pool.DataSource">
		<constructor-arg ref="expagDataSourceConfig" />
	</bean>

	<bean id="sqlSessionFactory" class="org.mybatis.spring.SqlSessionFactoryBean">
		<property name="dataSource" ref="cmRepotingDataSource" />
		<property name="configLocation"
			value="classpath:/org/tiaa/cmts_rs/dao-mapper-config.xml" />
	</bean>

	<bean class="org.tiaa.cmts_rs.config.AppConfig"></bean>

</beans>